location_id,location_name,location_group,location_type,sensor_id,place_open,local_date_time,utc_date_time,number_of_aggregated_records,pm25_ug_m3_raw,pm25_ug_m3_corrected,particle_count_03um,co2_ppm_raw,co2_ppm_corrected,temperature_c_raw,temperature_c_corrected,heat_index_c,humidity_percent_raw,humidity_percent_corrected,tvoc_ppb,tvoc_index,nox_index,pm1_ug_m3,pm10_ug_m3
182446,Ramon Avancena High School,,Outdoor,airgradient:34b7dad31274,True,2026-01-30 16:40:00,2026-01-30T08:40:00.000Z,5,30.4,16.9,1313.0,425.0,425.0,26.2,25.9,26.8,62.0,85.0,90.0,94.0,1.0,21.9,34.5
182446,Ramon Avancena High School,,Outdoor,airgradient:34b7dad31274,True,2026-01-30 16:35:00,2026-01-30T08:35:00.000Z,5,32.3,18.4,1447.0,427.0,427.0,26.2,25.8,26.7,62.0,86.0,107.0,108.0,1.0,23.0,38.8
182446,Ramon Avancena High School,,Outdoor,airgradient:34b7dad31274,True,2026-01-30 16:30:00,2026-01-30T08:30:00.000Z,5,34.6,20.5,1505.0,427.0,427.0,26.2,25.8,26.7,62.0,86.0,29.0,26.0,1.0,24.0,40.3
182446,Ramon Avancena High School,,Outdoor,airgradient:34b7dad31274,True,2026-01-30 16:25:00,2026-01-30T08:25:00.000Z,5,31.4,17.6,1401.0,423.0,423.0,26.2,25.8,26.7,63.0,86.0,30.0,26.0,1.0,22.7,37.7
182446,Ramon Avancena High School,,Outdoor,airgradient:34b7dad31274,True,2026-01-30 16:20:00,2026-01-30T08:20:00.000Z,5,27.6,14.8,1123.0,419.0,419.0,26.2,25.8,26.7,62.0,86.0,75.0,77.0,1.0,19.3,29.3
182446,Ramon Avancena High School,,Outdoor,airgradient:34b7dad31274,True,2026-01-30 16:15:00,2026-01-30T08:15:00.000Z,5,24.0,12.9,1006.0,417.0,417.0,26.2,25.8,26.7,62.0,86.0,75.0,80.0,1.0,16.1,27.6
182446,Ramon Avancena High School,,Outdoor,airgradient:34b7dad31274,True,2026-01-30 16:10:00,2026-01-30T08:10:00.000Z,5,17.8,9.7,805.0,414.0,414.0,26.2,25.8,26.7,62.0,85.0,139.0,141.0,1.0,9.9,19.4
182446,Ramon Avancena High School,,Outdoor,airgradient:34b7dad31274,True,2026-01-30 16:05:00,2026-01-30T08:05:00.000Z,5,10.3,5.9,575.0,416.0,416.0,26.3,25.9,26.7,61.0,84.0,98.0,103.0,1.0,5.2,14.0
182446,Ramon Avancena High School,,Outdoor,airgradient:34b7dad31274,True,2026-01-30 16:00:00,2026-01-30T08:00:00.000Z,5,20.5,11.3,848.0,420.0,420.0,26.5,26.1,27.0,61.0,84.0,93.0,98.0,1.0,13.6,23.3
182446,Ramon Avancena High School,,Outdoor,airgradient:34b7dad31274,True,2026-01-30 15:55:00,2026-01-30T07:55:00.000Z,5,47.8,35.7,2349.0,428.0,428.0,26.6,26.3,28.2,61.0,84.0,118.0,119.0,1.0,33.4,58.4
182446,Ramon Avancena High School,,Outdoor,airgradient:34b7dad31274,True,2026-01-30 15:50:00,2026-01-30T07:50:00.000Z,5,54.2,43.0,2951.0,434.0,434.0,26.5,26.2,27.7,62.0,85.0,99.0,105.0,1.0,37.8,67.4
182446,Ramon Avancena High School,,Outdoor,airgradient:34b7dad31274,True,2026-01-30 15:45:00,2026-01-30T07:45:00.000Z,5,52.2,41.4,2844.0,440.0,440.0,26.3,26.0,26.9,63.0,86.0,104.0,110.0,1.0,36.2,65.1
182446,Ramon Avancena High School,,Outdoor,airgradient:34b7dad31274,True,2026-01-30 15:40:00,2026-01-30T07:40:00.000Z,5,55.8,44.1,3044.0,444.0,444.0,26.1,25.7,26.6,65.0,89.0,89.0,95.0,1.0,38.6,68.0
182446,Ramon Avancena High School,,Outdoor,airgradient:34b7dad31274,True,2026-01-30 15:35:00,2026-01-30T07:35:00.000Z,5,57.7,45.4,3205.0,447.0,447.0,25.7,25.2,26.1,66.0,90.0,107.0,114.0,1.0,40.1,69.2
182446,Ramon Avancena High School,,Outdoor,airgradient:34b7dad31274,True,2026-01-30 15:30:00,2026-01-30T07:30:00.000Z,5,51.4,39.7,2784.0,442.0,442.0,25.0,24.4,25.1,68.0,93.0,97.0,103.0,1.0,34.7,64.3
182446,Ramon Avancena High School,,Outdoor,airgradient:34b7dad31274,True,2026-01-30 15:25:00,2026-01-30T07:25:00.000Z,5,42.5,29.2,2151.0,442.0,442.0,23.9,23.1,23.2,70.0,96.0,121.0,125.0,1.0,28.6,53.1
182446,Ramon Avancena High School,,Outdoor,airgradient:34b7dad31274,True,2026-01-30 15:20:00,2026-01-30T07:20:00.000Z,4,34.6,19.4,1470.0,454.0,454.0,22.6,21.5,21.6,76.0,100.0,68.0,71.0,1.0,23.4,42.2
182446,Ramon Avancena High School,,Outdoor,airgradient:34b7dad31274,True,2026-01-30 15:15:00,2026-01-30T07:15:00.000Z,1,,,,,,,,,,,,,,,
182446,Ramon Avancena High School,,Outdoor,airgradient:34b7dad31274,True,2026-01-30 14:00:00,2026-01-30T06:00:00.000Z,5,22.5,10.9,881.0,445.0,445.0,23.0,22.1,22.1,77.0,100.0,87.0,92.0,1.0,11.5,25.2
182446,Ramon Avancena High School,,Outdoor,airgradient:34b7dad31274,True,2026-01-30 13:55:00,2026-01-30T05:55:00.000Z,3,22.8,10.8,793.0,471.0,471.0,22.0,20.9,20.9,81.0,100.0,28.0,25.0,1.0,10.4,24.9
182446,Ramon Avancena High School,,Outdoor,airgradient:34b7dad31274,True,2026-01-29 16:10:00,2026-01-29T08:10:00.000Z,5,0.8,1.6,233.0,401.0,401.0,28.5,28.6,30.9,45.0,64.0,215.0,193.0,1.0,0.3,2.0
182446,Ramon Avancena High School,,Outdoor,airgradient:34b7dad31274,True,2026-01-29 16:05:00,2026-01-29T08:05:00.000Z,5,4.9,4.4,390.0,395.0,395.0,28.6,28.7,31.1,45.0,64.0,104.0,110.0,1.0,2.3,6.1
182446,Ramon Avancena High School,,Outdoor,airgradient:34b7dad31274,True,2026-01-29 16:00:00,2026-01-29T08:00:00.000Z,5,3.3,3.6,360.0,401.0,401.0,28.6,28.7,31.1,45.0,64.0,115.0,117.0,1.0,0.4,4.5
182446,Ramon Avancena High School,,Outdoor,airgradient:34b7dad31274,True,2026-01-29 15:55:00,2026-01-29T07:55:00.000Z,5,2.8,3.3,328.0,398.0,398.0,28.7,28.7,31.2,45.0,64.0,144.0,149.0,1.0,0.5,4.4
182446,Ramon Avancena High School,,Outdoor,airgradient:34b7dad31274,True,2026-01-29 15:50:00,2026-01-29T07:50:00.000Z,5,1.8,2.9,258.0,399.0,399.0,28.7,28.8,31.1,44.0,63.0,72.0,74.0,1.0,0.5,2.4
182446,Ramon Avancena High School,,Outdoor,airgradient:34b7dad31274,True,2026-01-29 15:45:00,2026-01-29T07:45:00.000Z,5,1.4,2.3,243.0,396.0,396.0,28.8,28.9,31.2,44.0,63.0,183.0,173.0,1.0,0.1,1.8
182446,Ramon Avancena High School,,Outdoor,airgradient:34b7dad31274,True,2026-01-29 15:40:00,2026-01-29T07:40:00.000Z,5,0.6,1.9,232.0,398.0,398.0,28.8,28.9,31.3,44.0,63.0,213.0,195.0,1.0,0.0,1.5
182446,Ramon Avancena High School,,Outdoor,airgradient:34b7dad31274,True,2026-01-29 15:35:00,2026-01-29T07:35:00.000Z,5,0.9,2.4,222.0,403.0,403.0,28.9,29.0,31.3,44.0,62.0,331.0,243.0,1.0,0.0,1.5
182446,Ramon Avancena High School,,Outdoor,airgradient:34b7dad31274,True,2026-01-29 15:30:00,2026-01-29T07:30:00.000Z,5,1.8,2.9,254.0,403.0,403.0,28.9,29.0,31.4,44.0,63.0,88.0,93.0,1.0,0.0,2.4
182446,Ramon Avancena High School,,Outdoor,airgradient:34b7dad31274,True,2026-01-29 15:25:00,2026-01-29T07:25:00.000Z,5,0.6,1.8,227.0,400.0,400.0,28.8,28.9,31.4,45.0,63.0,128.0,134.0,1.0,0.0,1.4
182446,Ramon Avancena High School,,Outdoor,airgradient:34b7dad31274,True,2026-01-29 15:20:00,2026-01-29T07:20:00.000Z,5,0.6,1.8,198.0,400.0,400.0,28.8,28.9,31.4,45.0,64.0,88.0,93.0,1.0,0.1,1.2
182446,Ramon Avancena High School,,Outdoor,airgradient:34b7dad31274,True,2026-01-29 15:15:00,2026-01-29T07:15:00.000Z,5,1.3,2.6,243.0,401.0,401.0,28.8,28.9,31.3,45.0,63.0,101.0,105.0,1.0,0.0,2.2
182446,Ramon Avancena High School,,Outdoor,airgradient:34b7dad31274,True,2026-01-29 15:10:00,2026-01-29T07:10:00.000Z,5,1.0,2.0,240.0,403.0,403.0,28.8,28.9,31.3,45.0,63.0,106.0,110.0,1.0,0.0,2.1
182446,Ramon Avancena High School,,Outdoor,airgradient:34b7dad31274,True,2026-01-29 15:05:00,2026-01-29T07:05:00.000Z,5,2.1,3.0,248.0,402.0,402.0,28.7,28.8,31.2,45.0,63.0,101.0,107.0,1.0,0.0,2.6
182446,Ramon Avancena High School,,Outdoor,airgradient:34b7dad31274,True,2026-01-29 15:00:00,2026-01-29T07:00:00.000Z,5,1.0,2.4,216.0,402.0,402.0,28.7,28.8,31.3,45.0,64.0,105.0,111.0,1.0,0.0,1.3
182446,Ramon Avancena High School,,Outdoor,airgradient:34b7dad31274,True,2026-01-29 14:55:00,2026-01-29T06:55:00.000Z,5,0.4,1.3,228.0,403.0,403.0,28.6,28.7,31.1,45.0,64.0,101.0,106.0,1.0,0.0,1.3
182446,Ramon Avancena High School,,Outdoor,airgradient:34b7dad31274,True,2026-01-29 14:50:00,2026-01-29T06:50:00.000Z,5,0.9,2.3,206.0,403.0,403.0,28.5,28.5,30.7,45.0,64.0,158.0,149.0,1.0,0.0,1.1
182446,Ramon Avancena High School,,Outdoor,airgradient:34b7dad31274,True,2026-01-29 14:45:00,2026-01-29T06:45:00.000Z,5,0.2,1.0,165.0,408.0,408.0,28.2,28.2,30.3,46.0,65.0,64.0,67.0,1.0,0.0,0.9
182446,Ramon Avancena High School,,Outdoor,airgradient:34b7dad31274,True,2026-01-29 14:40:00,2026-01-29T06:40:00.000Z,5,0.1,0.5,202.0,416.0,416.0,27.7,27.6,29.6,47.0,66.0,71.0,74.0,1.0,0.0,0.9
182446,Ramon Avancena High School,,Outdoor,airgradient:34b7dad31274,True,2026-01-27 08:15:00,2026-01-27T00:15:00.000Z,5,21.2,11.8,934.0,405.0,405.0,27.1,26.9,29.7,59.0,81.0,37.0,35.0,1.0,13.9,23.7
182446,Ramon Avancena High School,,Outdoor,airgradient:34b7dad31274,True,2026-01-27 08:10:00,2026-01-27T00:10:00.000Z,5,13.6,7.8,717.0,403.0,403.0,27.0,26.8,29.4,59.0,82.0,34.0,32.0,1.0,7.6,17.0
182446,Ramon Avancena High School,,Outdoor,airgradient:34b7dad31274,True,2026-01-27 08:05:00,2026-01-27T00:05:00.000Z,5,15.1,8.6,744.0,401.0,401.0,26.9,26.7,29.2,59.0,82.0,25.0,21.0,1.0,8.4,16.7
182446,Ramon Avancena High School,,Outdoor,airgradient:34b7dad31274,True,2026-01-27 08:00:00,2026-01-27T00:00:00.000Z,5,8.5,5.1,586.0,404.0,404.0,26.9,26.6,29.1,59.0,82.0,28.0,25.0,1.0,5.5,10.4
182446,Ramon Avancena High School,,Outdoor,airgradient:34b7dad31274,False,2026-01-27 07:55:00,2026-01-26T23:55:00.000Z,5,7.3,4.5,521.0,409.0,409.0,26.9,26.6,29.1,60.0,83.0,35.0,33.0,1.0,4.3,7.7
182446,Ramon Avancena High School,,Outdoor,airgradient:34b7dad31274,False,2026-01-27 07:50:00,2026-01-26T23:50:00.000Z,4,10.6,6.1,599.0,404.0,404.0,26.9,26.6,29.2,60.0,83.0,26.0,22.0,1.0,5.5,12.9
182446,Ramon Avancena High School,,Outdoor,airgradient:34b7dad31274,False,2026-01-27 07:45:00,2026-01-26T23:45:00.000Z,6,5.4,3.4,487.0,404.0,404.0,26.8,26.5,29.0,60.0,83.0,18.0,12.0,1.0,3.0,6.0
182446,Ramon Avancena High School,,Outdoor,airgradient:34b7dad31274,False,2026-01-27 07:40:00,2026-01-26T23:40:00.000Z,4,6.9,4.1,554.0,400.0,400.0,26.7,26.4,28.7,60.0,84.0,17.0,11.0,1.0,4.3,8.5
182446,Ramon Avancena High School,,Outdoor,airgradient:34b7dad31274,False,2026-01-27 07:35:00,2026-01-26T23:35:00.000Z,5,7.8,4.5,575.0,403.0,403.0,26.6,26.3,28.0,61.0,85.0,18.0,12.0,1.0,4.8,9.4
182446,Ramon Avancena High School,,Outdoor,airgradient:34b7dad31274,False,2026-01-27 07:30:00,2026-01-26T23:30:00.000Z,5,6.6,3.9,485.0,403.0,403.0,26.5,26.1,27.0,62.0,85.0,17.0,11.0,1.0,3.6,8.2
182446,Ramon Avancena High School,,Outdoor,airgradient:34b7dad31274,False,2026-01-27 07:25:00,2026-01-26T23:25:00.000Z,5,9.6,5.4,612.0,396.0,396.0,26.3,26.0,26.9,62.0,85.0,19.0,14.0,1.0,5.8,10.7
182446,Ramon Avancena High School,,Outdoor,airgradient:34b7dad31274,False,2026-01-27 07:20:00,2026-01-26T23:20:00.000Z,5,6.2,3.6,454.0,399.0,399.0,26.3,25.9,26.8,62.0,86.0,61.0,63.0,1.0,3.2,7.8
182446,Ramon Avancena High School,,Outdoor,airgradient:34b7dad31274,False,2026-01-27 07:15:00,2026-01-26T23:15:00.000Z,6,6.7,3.8,479.0,404.0,404.0,26.3,25.9,26.8,63.0,86.0,64.0,67.0,1.0,3.5,7.8
182446,Ramon Avancena High School,,Outdoor,airgradient:34b7dad31274,False,2026-01-27 07:10:00,2026-01-26T23:10:00.000Z,4,7.8,4.4,498.0,404.0,404.0,26.3,25.9,26.8,63.0,86.0,28.0,24.0,1.0,5.0,8.3
182446,Ramon Avancena High School,,Outdoor,airgradient:34b7dad31274,False,2026-01-27 07:05:00,2026-01-26T23:05:00.000Z,5,4.3,2.6,414.0,404.0,404.0,26.3,25.9,26.8,63.0,86.0,25.0,20.0,1.0,1.8,4.8
182446,Ramon Avancena High School,,Outdoor,airgradient:34b7dad31274,False,2026-01-27 07:00:00,2026-01-26T23:00:00.000Z,5,13.8,7.5,702.0,406.0,406.0,26.3,25.9,26.8,63.0,87.0,12.0,3.0,1.0,8.1,15.2
182446,Ramon Avancena High School,,Outdoor,airgradient:34b7dad31274,False,2026-01-27 06:55:00,2026-01-26T22:55:00.000Z,5,4.2,2.5,405.0,409.0,409.0,26.3,25.9,26.8,63.0,87.0,66.0,62.0,1.0,2.8,4.8
182446,Ramon Avancena High School,,Outdoor,airgradient:34b7dad31274,False,2026-01-27 06:50:00,2026-01-26T22:50:00.000Z,5,10.1,5.5,591.0,415.0,415.0,26.2,25.8,26.7,64.0,88.0,163.0,157.0,1.0,6.3,11.7
182446,Ramon Avancena High School,,Outdoor,airgradient:34b7dad31274,False,2026-01-27 06:45:00,2026-01-26T22:45:00.000Z,5,34.8,21.6,1593.0,414.0,414.0,26.1,25.7,26.7,64.0,89.0,100.0,106.0,1.0,25.5,41.4
182446,Ramon Avancena High School,,Outdoor,airgradient:34b7dad31274,False,2026-01-27 06:40:00,2026-01-26T22:40:00.000Z,5,10.6,6.1,704.0,407.0,407.0,26.1,25.7,26.6,64.0,89.0,85.0,90.0,1.0,6.9,13.1
182446,Ramon Avancena High School,,Outdoor,airgradient:34b7dad31274,False,2026-01-27 06:35:00,2026-01-26T22:35:00.000Z,5,7.6,4.2,588.0,407.0,407.0,26.0,25.6,26.5,64.0,89.0,131.0,137.0,1.0,4.8,7.9
182446,Ramon Avancena High School,,Outdoor,airgradient:34b7dad31274,False,2026-01-27 06:30:00,2026-01-26T22:30:00.000Z,5,4.6,2.6,433.0,402.0,402.0,25.9,25.5,26.4,64.0,88.0,114.0,120.0,1.0,2.6,4.9
182446,Ramon Avancena High School,,Outdoor,airgradient:34b7dad31274,False,2026-01-27 06:25:00,2026-01-26T22:25:00.000Z,5,4.1,2.3,390.0,400.0,400.0,25.9,25.5,26.4,64.0,88.0,89.0,93.0,1.0,1.3,4.7
182446,Ramon Avancena High School,,Outdoor,airgradient:34b7dad31274,False,2026-01-27 06:20:00,2026-01-26T22:20:00.000Z,5,1.9,1.2,301.0,398.0,398.0,26.0,25.6,26.5,64.0,88.0,83.0,88.0,1.0,0.0,2.6
182446,Ramon Avancena High School,,Outdoor,airgradient:34b7dad31274,False,2026-01-27 06:15:00,2026-01-26T22:15:00.000Z,5,1.6,1.1,278.0,399.0,399.0,26.0,25.6,26.5,64.0,88.0,113.0,116.0,1.0,0.9,2.2
182446,Ramon Avancena High School,,Outdoor,airgradient:34b7dad31274,False,2026-01-27 06:10:00,2026-01-26T22:10:00.000Z,5,4.6,2.7,452.0,408.0,408.0,26.1,25.7,26.6,64.0,87.0,121.0,127.0,1.0,2.4,5.8
182446,Ramon Avancena High School,,Outdoor,airgradient:34b7dad31274,False,2026-01-27 06:05:00,2026-01-26T22:05:00.000Z,5,5.7,3.3,479.0,405.0,405.0,26.1,25.7,26.6,63.0,87.0,90.0,95.0,1.0,3.1,6.8
182446,Ramon Avancena High School,,Outdoor,airgradient:34b7dad31274,False,2026-01-27 06:00:00,2026-01-26T22:00:00.000Z,5,2.4,1.6,325.0,404.0,404.0,26.1,25.7,26.6,63.0,87.0,136.0,122.0,1.0,0.1,3.2
182446,Ramon Avancena High School,,Outdoor,airgradient:34b7dad31274,False,2026-01-27 05:55:00,2026-01-26T21:55:00.000Z,5,2.1,1.5,316.0,397.0,397.0,26.3,25.9,26.8,62.0,85.0,210.0,195.0,1.0,0.1,2.6
182446,Ramon Avancena High School,,Outdoor,airgradient:34b7dad31274,False,2026-01-27 05:50:00,2026-01-26T21:50:00.000Z,5,4.4,2.7,400.0,408.0,408.0,26.3,25.9,26.8,62.0,85.0,199.0,194.0,1.0,2.5,5.1
182446,Ramon Avancena High School,,Outdoor,airgradient:34b7dad31274,False,2026-01-27 05:45:00,2026-01-26T21:45:00.000Z,5,18.0,9.8,867.0,413.0,413.0,26.3,25.9,26.8,62.0,85.0,54.0,55.0,1.0,10.1,19.6
182446,Ramon Avancena High School,,Outdoor,airgradient:34b7dad31274,False,2026-01-27 05:40:00,2026-01-26T21:40:00.000Z,5,6.0,3.6,481.0,415.0,415.0,26.3,25.9,26.8,62.0,85.0,45.0,45.0,1.0,3.7,7.9
182446,Ramon Avancena High School,,Outdoor,airgradient:34b7dad31274,False,2026-01-27 05:35:00,2026-01-26T21:35:00.000Z,5,4.5,2.8,415.0,414.0,414.0,26.3,25.9,26.8,62.0,85.0,30.0,27.0,1.0,2.8,5.6
182446,Ramon Avancena High School,,Outdoor,airgradient:34b7dad31274,False,2026-01-27 05:30:00,2026-01-26T21:30:00.000Z,5,2.6,1.8,327.0,414.0,414.0,26.3,26.0,26.9,62.0,85.0,43.0,43.0,1.0,0.8,3.1
182446,Ramon Avancena High School,,Outdoor,airgradient:34b7dad31274,False,2026-01-27 05:25:00,2026-01-26T21:25:00.000Z,5,3.3,2.1,360.0,413.0,413.0,26.2,25.9,26.8,62.0,85.0,60.0,63.0,1.0,1.0,3.9
182446,Ramon Avancena High School,,Outdoor,airgradient:34b7dad31274,False,2026-01-27 05:20:00,2026-01-26T21:20:00.000Z,5,2.8,1.9,339.0,413.0,413.0,26.3,25.9,26.8,62.0,85.0,181.0,180.0,1.0,0.9,3.5
182446,Ramon Avancena High School,,Outdoor,airgradient:34b7dad31274,False,2026-01-27 05:15:00,2026-01-26T21:15:00.000Z,5,3.8,2.5,406.0,413.0,413.0,26.4,26.1,27.0,61.0,85.0,220.0,212.0,1.0,1.8,4.7
182446,Ramon Avancena High School,,Outdoor,airgradient:34b7dad31274,False,2026-01-27 05:10:00,2026-01-26T21:10:00.000Z,5,6.7,4.0,502.0,412.0,412.0,26.4,26.1,27.0,61.0,85.0,320.0,270.0,1.0,3.7,7.5
182446,Ramon Avancena High School,,Outdoor,airgradient:34b7dad31274,False,2026-01-27 05:05:00,2026-01-26T21:05:00.000Z,5,4.7,2.9,455.0,410.0,410.0,26.3,26.0,26.9,62.0,85.0,31.0,28.0,1.0,2.7,5.7
182446,Ramon Avancena High School,,Outdoor,airgradient:34b7dad31274,False,2026-01-27 05:00:00,2026-01-26T21:00:00.000Z,5,3.9,2.5,399.0,410.0,410.0,26.4,26.1,27.0,61.0,85.0,51.0,52.0,1.0,2.3,4.6
182446,Ramon Avancena High School,,Outdoor,airgradient:34b7dad31274,False,2026-01-27 04:55:00,2026-01-26T20:55:00.000Z,5,4.1,2.6,401.0,412.0,412.0,26.3,25.9,26.8,62.0,85.0,112.0,118.0,1.0,2.1,4.9
182446,Ramon Avancena High School,,Outdoor,airgradient:34b7dad31274,False,2026-01-27 04:50:00,2026-01-26T20:50:00.000Z,5,4.4,2.8,388.0,411.0,411.0,26.3,25.9,26.8,62.0,85.0,61.0,63.0,1.0,2.4,5.3
182446,Ramon Avancena High School,,Outdoor,airgradient:34b7dad31274,False,2026-01-27 04:45:00,2026-01-26T20:45:00.000Z,5,4.8,2.9,441.0,415.0,415.0,26.2,25.9,26.8,62.0,85.0,31.0,28.0,1.0,3.3,6.2
182446,Ramon Avancena High School,,Outdoor,airgradient:34b7dad31274,False,2026-01-27 04:40:00,2026-01-26T20:40:00.000Z,5,6.2,3.7,508.0,414.0,414.0,26.2,25.9,26.8,62.0,85.0,35.0,33.0,1.0,3.5,7.5
182446,Ramon Avancena High School,,Outdoor,airgradient:34b7dad31274,False,2026-01-27 04:35:00,2026-01-26T20:35:00.000Z,5,25.7,18.6,1123.0,420.0,420.0,26.3,25.9,26.8,62.0,85.0,42.0,42.0,1.0,19.8,28.0
182446,Ramon Avancena High School,,Outdoor,airgradient:34b7dad31274,False,2026-01-27 04:30:00,2026-01-26T20:30:00.000Z,5,23.5,14.1,1548.0,412.0,412.0,26.3,25.9,26.8,62.0,85.0,38.0,37.0,1.0,17.2,26.0
182446,Ramon Avancena High School,,Outdoor,airgradient:34b7dad31274,False,2026-01-27 04:25:00,2026-01-26T20:25:00.000Z,5,4.7,2.9,399.0,411.0,411.0,26.4,26.0,26.9,62.0,85.0,34.0,32.0,1.0,2.3,5.5
182446,Ramon Avancena High School,,Outdoor,airgradient:34b7dad31274,False,2026-01-27 04:20:00,2026-01-26T20:20:00.000Z,5,5.4,3.3,440.0,412.0,412.0,26.4,26.1,27.0,61.0,85.0,52.0,53.0,1.0,3.2,6.2
182446,Ramon Avancena High School,,Outdoor,airgradient:34b7dad31274,False,2026-01-27 04:15:00,2026-01-26T20:15:00.000Z,5,7.4,4.3,525.0,414.0,414.0,26.5,26.1,27.0,61.0,85.0,45.0,44.0,1.0,4.2,8.9
182446,Ramon Avancena High School,,Outdoor,airgradient:34b7dad31274,False,2026-01-27 04:10:00,2026-01-26T20:10:00.000Z,5,6.4,3.8,510.0,410.0,410.0,26.4,26.1,27.0,61.0,85.0,33.0,30.0,1.0,3.6,7.6
182446,Ramon Avancena High School,,Outdoor,airgradient:34b7dad31274,False,2026-01-27 04:05:00,2026-01-26T20:05:00.000Z,5,3.8,2.4,354.0,411.0,411.0,26.4,26.1,27.0,62.0,85.0,28.0,25.0,1.0,0.2,4.5
182446,Ramon Avancena High School,,Outdoor,airgradient:34b7dad31274,False,2026-01-27 04:00:00,2026-01-26T20:00:00.000Z,5,2.4,1.7,298.0,411.0,411.0,26.3,25.9,26.8,62.0,85.0,32.0,30.0,1.0,0.0,2.9
182446,Ramon Avancena High School,,Outdoor,airgradient:34b7dad31274,False,2026-01-27 03:55:00,2026-01-26T19:55:00.000Z,5,2.3,1.6,292.0,413.0,413.0,26.2,25.8,26.7,62.0,85.0,37.0,36.0,1.0,0.0,3.1
182446,Ramon Avancena High School,,Outdoor,airgradient:34b7dad31274,False,2026-01-27 03:50:00,2026-01-26T19:50:00.000Z,5,1.8,1.4,270.0,412.0,412.0,26.2,25.8,26.7,62.0,85.0,43.0,43.0,1.0,0.5,2.4
182446,Ramon Avancena High School,,Outdoor,airgradient:34b7dad31274,False,2026-01-27 03:45:00,2026-01-26T19:45:00.000Z,5,2.2,1.6,267.0,412.0,412.0,26.3,25.9,26.8,62.0,85.0,61.0,62.0,1.0,0.5,3.0
182446,Ramon Avancena High School,,Outdoor,airgradient:34b7dad31274,False,2026-01-27 03:40:00,2026-01-26T19:40:00.000Z,5,1.3,1.1,267.0,413.0,413.0,26.3,25.9,26.8,62.0,85.0,344.0,287.0,1.0,0.3,1.7
182446,Ramon Avancena High School,,Outdoor,airgradient:34b7dad31274,False,2026-01-27 03:35:00,2026-01-26T19:35:00.000Z,5,2.2,1.6,270.0,409.0,409.0,26.3,25.9,26.8,61.0,85.0,167.0,162.0,1.0,0.0,2.4
182446,Ramon Avancena High School,,Outdoor,airgradient:34b7dad31274,False,2026-01-27 03:30:00,2026-01-26T19:30:00.000Z,5,1.7,1.4,295.0,408.0,408.0,26.3,26.0,26.9,61.0,85.0,92.0,96.0,1.0,0.0,2.8
182446,Ramon Avancena High School,,Outdoor,airgradient:34b7dad31274,False,2026-01-27 03:25:00,2026-01-26T19:25:00.000Z,5,3.0,2.0,321.0,408.0,408.0,26.4,26.1,27.0,61.0,84.0,117.0,121.0,1.0,0.5,3.6
182446,Ramon Avancena High School,,Outdoor,airgradient:34b7dad31274,False,2026-01-27 03:20:00,2026-01-26T19:20:00.000Z,5,3.8,2.5,354.0,413.0,413.0,26.4,26.1,27.0,61.0,84.0,105.0,105.0,1.0,0.9,4.3
182446,Ramon Avancena High School,,Outdoor,airgradient:34b7dad31274,False,2026-01-27 03:15:00,2026-01-26T19:15:00.000Z,5,5.1,3.2,426.0,415.0,415.0,26.5,26.2,27.1,61.0,84.0,124.0,127.0,1.0,2.4,7.2
182446,Ramon Avancena High School,,Outdoor,airgradient:34b7dad31274,False,2026-01-27 03:10:00,2026-01-26T19:10:00.000Z,5,15.4,9.0,629.0,415.0,415.0,26.5,26.1,27.0,61.0,84.0,290.0,258.0,1.0,8.5,17.8
182446,Ramon Avancena High School,,Outdoor,airgradient:34b7dad31274,False,2026-01-27 03:05:00,2026-01-26T19:05:00.000Z,5,28.6,21.8,1688.0,414.0,414.0,26.4,26.1,27.0,61.0,85.0,114.0,119.0,1.0,18.9,32.8
182446,Ramon Avancena High School,,Outdoor,airgradient:34b7dad31274,False,2026-01-27 03:00:00,2026-01-26T19:00:00.000Z,5,7.0,4.1,533.0,414.0,414.0,26.4,26.1,27.0,61.0,85.0,278.0,243.0,1.0,4.7,8.3
182446,Ramon Avancena High School,,Outdoor,airgradient:34b7dad31274,False,2026-01-27 02:55:00,2026-01-26T18:55:00.000Z,5,6.4,3.8,503.0,417.0,417.0,26.4,26.1,27.0,61.0,85.0,486.0,356.0,1.0,3.8,8.2
182446,Ramon Avancena High School,,Outdoor,airgradient:34b7dad31274,False,2026-01-27 02:50:00,2026-01-26T18:50:00.000Z,5,6.6,3.9,503.0,418.0,418.0,26.5,26.1,27.0,61.0,85.0,394.0,297.0,1.0,3.9,7.5
182446,Ramon Avancena High School,,Outdoor,airgradient:34b7dad31274,False,2026-01-27 02:45:00,2026-01-26T18:45:00.000Z,5,6.0,3.6,477.0,414.0,414.0,26.5,26.2,27.1,61.0,84.0,105.0,111.0,1.0,3.7,6.7
182446,Ramon Avancena High School,,Outdoor,airgradient:34b7dad31274,False,2026-01-27 02:40:00,2026-01-26T18:40:00.000Z,5,5.8,3.5,469.0,415.0,415.0,26.5,26.2,27.1,61.0,84.0,159.0,161.0,1.0,3.4,6.5
182446,Ramon Avancena High School,,Outdoor,airgradient:34b7dad31274,False,2026-01-27 02:35:00,2026-01-26T18:35:00.000Z,5,5.7,3.4,468.0,416.0,416.0,26.5,26.2,27.4,61.0,84.0,254.0,235.0,1.0,3.1,6.2
182446,Ramon Avancena High School,,Outdoor,airgradient:34b7dad31274,False,2026-01-27 02:30:00,2026-01-26T18:30:00.000Z,5,5.9,3.6,470.0,417.0,417.0,26.6,26.3,28.5,61.0,84.0,171.0,173.0,1.0,2.8,7.1
182446,Ramon Avancena High School,,Outdoor,airgradient:34b7dad31274,False,2026-01-27 02:25:00,2026-01-26T18:25:00.000Z,5,5.7,3.5,449.0,413.0,413.0,26.6,26.3,28.5,61.0,84.0,169.0,171.0,1.0,3.3,6.6
182446,Ramon Avancena High School,,Outdoor,airgradient:34b7dad31274,False,2026-01-27 02:20:00,2026-01-26T18:20:00.000Z,5,5.0,3.2,439.0,412.0,412.0,26.7,26.4,28.7,61.0,84.0,452.0,341.0,1.0,2.6,6.6
182446,Ramon Avancena High School,,Outdoor,airgradient:34b7dad31274,False,2026-01-27 02:15:00,2026-01-26T18:15:00.000Z,5,5.5,3.4,454.0,411.0,411.0,26.7,26.5,28.8,61.0,84.0,561.0,380.0,1.0,2.9,6.1
182446,Ramon Avancena High School,,Outdoor,airgradient:34b7dad31274,False,2026-01-27 02:10:00,2026-01-26T18:10:00.000Z,5,5.1,3.2,427.0,411.0,411.0,26.8,26.5,28.9,61.0,84.0,462.0,345.0,1.0,2.6,5.7
182446,Ramon Avancena High School,,Outdoor,airgradient:34b7dad31274,False,2026-01-27 02:05:00,2026-01-26T18:05:00.000Z,5,4.9,3.1,431.0,415.0,415.0,26.7,26.4,28.8,61.0,84.0,860.0,435.0,1.0,3.1,5.7
182446,Ramon Avancena High School,,Outdoor,airgradient:34b7dad31274,False,2026-01-27 02:00:00,2026-01-26T18:00:00.000Z,5,4.8,3.0,438.0,417.0,417.0,26.6,26.3,28.3,61.0,85.0,83.0,79.0,1.0,2.8,5.1
182446,Ramon Avancena High School,,Outdoor,airgradient:34b7dad31274,False,2026-01-27 01:55:00,2026-01-26T17:55:00.000Z,5,4.6,2.8,427.0,418.0,418.0,26.4,26.1,27.0,62.0,85.0,114.0,116.0,1.0,1.2,5.0
182446,Ramon Avancena High School,,Outdoor,airgradient:34b7dad31274,False,2026-01-27 01:50:00,2026-01-26T17:50:00.000Z,5,3.7,2.3,374.0,413.0,413.0,26.3,25.9,26.8,62.0,86.0,151.0,144.0,1.0,1.6,4.6
182446,Ramon Avancena High School,,Outdoor,airgradient:34b7dad31274,False,2026-01-27 01:45:00,2026-01-26T17:45:00.000Z,5,3.8,2.4,397.0,418.0,418.0,26.2,25.8,26.7,62.0,86.0,69.0,72.0,1.0,2.1,4.0
182446,Ramon Avancena High School,,Outdoor,airgradient:34b7dad31274,False,2026-01-27 01:40:00,2026-01-26T17:40:00.000Z,5,4.8,2.9,414.0,414.0,414.0,26.2,25.8,26.7,63.0,86.0,83.0,88.0,1.0,1.9,5.5
182446,Ramon Avancena High School,,Outdoor,airgradient:34b7dad31274,False,2026-01-27 01:35:00,2026-01-26T17:35:00.000Z,5,4.1,2.5,378.0,414.0,414.0,26.0,25.6,26.5,63.0,87.0,96.0,102.0,1.0,1.7,5.0
182446,Ramon Avancena High School,,Outdoor,airgradient:34b7dad31274,False,2026-01-27 01:30:00,2026-01-26T17:30:00.000Z,5,4.3,2.5,386.0,413.0,413.0,26.0,25.6,26.5,63.0,87.0,159.0,154.0,1.0,2.1,5.0
182446,Ramon Avancena High School,,Outdoor,airgradient:34b7dad31274,False,2026-01-27 01:25:00,2026-01-26T17:25:00.000Z,5,4.6,2.7,382.0,414.0,414.0,25.9,25.5,26.4,63.0,87.0,109.0,109.0,2.0,2.3,5.0
182446,Ramon Avancena High School,,Outdoor,airgradient:34b7dad31274,False,2026-01-27 01:20:00,2026-01-26T17:20:00.000Z,5,4.0,2.4,387.0,414.0,414.0,25.7,25.3,26.2,64.0,88.0,118.0,122.0,2.0,1.9,5.4
182446,Ramon Avancena High School,,Outdoor,airgradient:34b7dad31274,False,2026-01-27 01:15:00,2026-01-26T17:15:00.000Z,5,4.8,2.6,438.0,416.0,416.0,25.4,24.9,25.8,65.0,89.0,71.0,75.0,2.0,2.2,5.2
182446,Ramon Avancena High School,,Outdoor,airgradient:34b7dad31274,False,2026-01-27 01:10:00,2026-01-26T17:10:00.000Z,5,4.8,2.5,431.0,417.0,417.0,24.8,24.2,24.7,67.0,92.0,145.0,141.0,2.0,3.1,5.4
182446,Ramon Avancena High School,,Outdoor,airgradient:34b7dad31274,False,2026-01-27 01:05:00,2026-01-26T17:05:00.000Z,5,5.2,2.4,395.0,419.0,419.0,23.8,23.0,23.0,70.0,96.0,66.0,69.0,1.0,2.0,5.8
182446,Ramon Avancena High School,,Outdoor,airgradient:34b7dad31274,False,2026-01-27 01:00:00,2026-01-26T17:00:00.000Z,5,4.6,1.7,382.0,424.0,424.0,22.5,21.4,21.5,75.0,100.0,94.0,98.0,1.0,1.5,5.8
182446,Ramon Avancena High School,,Outdoor,airgradient:34b7dad31274,False,2026-01-27 00:55:00,2026-01-26T16:55:00.000Z,1,,,,,,,,,,,,,,,
182446,Ramon Avancena High School,,Outdoor,airgradient:34b7dad31274,False,2026-01-26 22:20:00,2026-01-26T14:20:00.000Z,3,24.9,13.9,1044.0,417.0,417.0,27.1,27.0,29.6,57.0,80.0,813.0,439.0,1.0,17.2,28.8
182446,Ramon Avancena High School,,Outdoor,airgradient:34b7dad31274,False,2026-01-26 22:15:00,2026-01-26T14:15:00.000Z,5,25.7,14.2,990.0,415.0,415.0,27.2,27.0,29.6,57.0,80.0,963.0,452.0,1.0,17.1,28.0
182446,Ramon Avancena High School,,Outdoor,airgradient:34b7dad31274,False,2026-01-26 22:10:00,2026-01-26T14:10:00.000Z,5,24.6,13.7,1015.0,413.0,413.0,27.1,26.9,29.5,57.0,80.0,1153.0,475.0,1.0,17.0,27.5
182446,Ramon Avancena High School,,Outdoor,airgradient:34b7dad31274,False,2026-01-26 22:05:00,2026-01-26T14:05:00.000Z,5,25.7,14.2,1007.0,413.0,413.0,27.1,26.9,29.5,57.0,80.0,1133.0,473.0,1.0,17.8,28.4
182446,Ramon Avancena High School,,Outdoor,airgradient:34b7dad31274,False,2026-01-26 22:00:00,2026-01-26T14:00:00.000Z,5,25.7,14.3,984.0,411.0,411.0,27.1,27.0,29.6,57.0,80.0,984.0,459.0,1.0,16.6,27.7
182446,Ramon Avancena High School,,Outdoor,airgradient:34b7dad31274,False,2026-01-26 21:55:00,2026-01-26T13:55:00.000Z,5,24.7,13.7,981.0,408.0,408.0,27.1,26.9,29.5,57.0,80.0,1025.0,461.0,1.0,16.9,27.4
182446,Ramon Avancena High School,,Outdoor,airgradient:34b7dad31274,False,2026-01-26 21:50:00,2026-01-26T13:50:00.000Z,5,24.2,13.5,927.0,411.0,411.0,27.2,27.0,29.6,57.0,80.0,540.0,372.0,1.0,13.9,26.7
182446,Ramon Avancena High School,,Outdoor,airgradient:34b7dad31274,False,2026-01-26 21:45:00,2026-01-26T13:45:00.000Z,5,25.1,14.0,995.0,412.0,412.0,27.2,27.0,29.6,57.0,79.0,714.0,412.0,1.0,15.4,27.2
182446,Ramon Avancena High School,,Outdoor,airgradient:34b7dad31274,False,2026-01-26 21:40:00,2026-01-26T13:40:00.000Z,5,24.6,13.7,962.0,410.0,410.0,27.2,27.0,29.6,57.0,79.0,205.0,197.0,1.0,15.2,26.4
182446,Ramon Avancena High School,,Outdoor,airgradient:34b7dad31274,False,2026-01-26 21:35:00,2026-01-26T13:35:00.000Z,5,27.4,15.1,1074.0,412.0,412.0,27.2,27.0,29.7,57.0,80.0,199.0,190.0,1.0,19.1,30.8
182446,Ramon Avancena High School,,Outdoor,airgradient:34b7dad31274,False,2026-01-26 21:30:00,2026-01-26T13:30:00.000Z,5,27.4,15.1,1104.0,413.0,413.0,27.2,27.0,29.7,57.0,80.0,635.0,395.0,1.0,19.4,31.2
182446,Ramon Avancena High School,,Outdoor,airgradient:34b7dad31274,False,2026-01-26 21:25:00,2026-01-26T13:25:00.000Z,5,27.0,15.0,1065.0,412.0,412.0,27.2,27.0,29.6,57.0,80.0,418.0,307.0,1.0,17.9,30.3
182446,Ramon Avancena High School,,Outdoor,airgradient:34b7dad31274,False,2026-01-26 21:20:00,2026-01-26T13:20:00.000Z,5,25.3,14.0,996.0,409.0,409.0,27.1,26.9,29.5,58.0,80.0,76.0,81.0,1.0,15.5,27.2
182446,Ramon Avancena High School,,Outdoor,airgradient:34b7dad31274,False,2026-01-26 21:15:00,2026-01-26T13:15:00.000Z,5,23.6,13.2,931.0,405.0,405.0,27.1,26.9,29.5,58.0,80.0,86.0,91.0,1.0,14.1,25.9
182446,Ramon Avancena High School,,Outdoor,airgradient:34b7dad31274,False,2026-01-26 21:10:00,2026-01-26T13:10:00.000Z,5,23.0,12.8,890.0,406.0,406.0,27.1,26.9,29.5,58.0,80.0,140.0,144.0,1.0,12.5,25.7
182446,Ramon Avancena High School,,Outdoor,airgradient:34b7dad31274,False,2026-01-26 21:05:00,2026-01-26T13:05:00.000Z,5,26.2,14.5,1030.0,409.0,409.0,27.1,26.9,29.4,58.0,80.0,476.0,341.0,1.0,17.6,29.1
182446,Ramon Avancena High School,,Outdoor,airgradient:34b7dad31274,False,2026-01-26 21:00:00,2026-01-26T13:00:00.000Z,5,26.6,14.7,1051.0,407.0,407.0,27.0,26.8,29.3,58.0,80.0,356.0,280.0,1.0,17.9,29.8
182446,Ramon Avancena High School,,Outdoor,airgradient:34b7dad31274,False,2026-01-26 20:55:00,2026-01-26T12:55:00.000Z,5,24.8,13.8,997.0,405.0,405.0,27.0,26.8,29.3,58.0,80.0,182.0,182.0,1.0,16.0,27.7
182446,Ramon Avancena High School,,Outdoor,airgradient:34b7dad31274,False,2026-01-26 20:50:00,2026-01-26T12:50:00.000Z,5,26.0,14.4,1001.0,409.0,409.0,27.0,26.8,29.3,58.0,80.0,213.0,206.0,1.0,18.6,28.9
182446,Ramon Avancena High School,,Outdoor,airgradient:34b7dad31274,False,2026-01-26 20:45:00,2026-01-26T12:45:00.000Z,5,27.6,15.2,1083.0,411.0,411.0,27.0,26.8,29.3,58.0,80.0,216.0,206.0,1.0,18.9,29.8
182446,Ramon Avancena High School,,Outdoor,airgradient:34b7dad31274,False,2026-01-26 20:40:00,2026-01-26T12:40:00.000Z,5,29.7,16.6,1177.0,412.0,412.0,27.0,26.8,29.4,58.0,80.0,211.0,203.0,1.0,20.1,34.2
182446,Ramon Avancena High School,,Outdoor,airgradient:34b7dad31274,False,2026-01-26 20:35:00,2026-01-26T12:35:00.000Z,5,29.0,16.1,1213.0,411.0,411.0,27.1,26.9,29.5,58.0,80.0,524.0,359.0,1.0,21.0,33.6
182446,Ramon Avancena High School,,Outdoor,airgradient:34b7dad31274,False,2026-01-26 20:30:00,2026-01-26T12:30:00.000Z,5,26.5,14.7,1101.0,407.0,407.0,27.0,26.8,29.4,58.0,80.0,730.0,423.0,1.0,18.5,30.2
182446,Ramon Avancena High School,,Outdoor,airgradient:34b7dad31274,False,2026-01-26 20:25:00,2026-01-26T12:25:00.000Z,5,29.9,17.0,1146.0,410.0,410.0,27.1,26.9,29.5,58.0,80.0,763.0,422.0,1.0,20.0,33.8
182446,Ramon Avancena High School,,Outdoor,airgradient:34b7dad31274,False,2026-01-26 20:20:00,2026-01-26T12:20:00.000Z,5,29.6,16.5,1210.0,410.0,410.0,27.1,26.9,29.5,58.0,80.0,402.0,320.0,1.0,20.9,34.9
182446,Ramon Avancena High School,,Outdoor,airgradient:34b7dad31274,False,2026-01-26 20:15:00,2026-01-26T12:15:00.000Z,5,31.0,17.5,1235.0,412.0,412.0,27.1,26.9,29.5,58.0,80.0,567.0,383.0,1.0,20.9,35.9
182446,Ramon Avancena High School,,Outdoor,airgradient:34b7dad31274,False,2026-01-26 20:10:00,2026-01-26T12:10:00.000Z,5,30.0,16.6,1214.0,409.0,409.0,27.0,26.8,29.3,58.0,80.0,609.0,397.0,1.0,20.9,34.7
182446,Ramon Avancena High School,,Outdoor,airgradient:34b7dad31274,False,2026-01-26 20:05:00,2026-01-26T12:05:00.000Z,5,29.6,16.4,1207.0,407.0,407.0,27.0,26.8,29.3,58.0,80.0,416.0,315.0,1.0,20.7,34.0
182446,Ramon Avancena High School,,Outdoor,airgradient:34b7dad31274,False,2026-01-26 20:00:00,2026-01-26T12:00:00.000Z,5,27.7,15.3,1112.0,406.0,406.0,27.0,26.8,29.3,58.0,80.0,176.0,169.0,1.0,19.6,32.8
182446,Ramon Avancena High School,,Outdoor,airgradient:34b7dad31274,True,2026-01-26 19:55:00,2026-01-26T11:55:00.000Z,5,27.2,15.0,1077.0,404.0,404.0,27.0,26.8,29.3,58.0,80.0,134.0,138.0,1.0,17.8,31.0
182446,Ramon Avancena High School,,Outdoor,airgradient:34b7dad31274,True,2026-01-26 19:50:00,2026-01-26T11:50:00.000Z,5,27.3,15.1,1054.0,403.0,403.0,27.0,26.8,29.3,58.0,80.0,415.0,324.0,1.0,18.4,31.6
182446,Ramon Avancena High School,,Outdoor,airgradient:34b7dad31274,True,2026-01-26 19:45:00,2026-01-26T11:45:00.000Z,5,28.6,15.8,1111.0,405.0,405.0,27.1,26.9,29.5,58.0,80.0,138.0,134.0,1.0,20.6,33.1
182446,Ramon Avancena High School,,Outdoor,airgradient:34b7dad31274,True,2026-01-26 19:40:00,2026-01-26T11:40:00.000Z,5,28.7,15.8,1137.0,405.0,405.0,27.1,26.9,29.5,58.0,80.0,77.0,81.0,2.0,19.8,32.5
182446,Ramon Avancena High School,,Outdoor,airgradient:34b7dad31274,True,2026-01-26 19:35:00,2026-01-26T11:35:00.000Z,5,31.4,17.9,1315.0,407.0,407.0,27.1,26.9,29.5,58.0,80.0,61.0,64.0,1.0,22.0,35.4
182446,Ramon Avancena High School,,Outdoor,airgradient:34b7dad31274,True,2026-01-26 19:30:00,2026-01-26T11:30:00.000Z,5,30.9,17.4,1236.0,409.0,409.0,27.2,27.0,29.7,58.0,80.0,65.0,68.0,1.0,21.7,35.7
182446,Ramon Avancena High School,,Outdoor,airgradient:34b7dad31274,True,2026-01-26 19:25:00,2026-01-26T11:25:00.000Z,5,33.3,19.7,1473.0,410.0,410.0,27.2,27.0,29.7,58.0,80.0,107.0,112.0,1.0,22.9,39.0
182446,Ramon Avancena High School,,Outdoor,airgradient:34b7dad31274,True,2026-01-26 19:20:00,2026-01-26T11:20:00.000Z,5,34.4,20.8,1516.0,409.0,409.0,27.3,27.1,29.9,58.0,80.0,227.0,217.0,1.0,23.0,40.3
182446,Ramon Avancena High School,,Outdoor,airgradient:34b7dad31274,True,2026-01-26 19:15:00,2026-01-26T11:15:00.000Z,5,31.2,17.6,1290.0,410.0,410.0,27.3,27.1,30.0,58.0,80.0,100.0,105.0,2.0,21.8,36.5
182446,Ramon Avancena High School,,Outdoor,airgradient:34b7dad31274,True,2026-01-26 19:10:00,2026-01-26T11:10:00.000Z,5,33.9,20.3,1473.0,409.0,409.0,27.4,27.2,30.2,58.0,80.0,319.0,277.0,2.0,23.0,38.8
182446,Ramon Avancena High School,,Outdoor,airgradient:34b7dad31274,True,2026-01-26 19:05:00,2026-01-26T11:05:00.000Z,5,34.5,20.9,1444.0,412.0,412.0,27.4,27.2,30.3,58.0,80.0,484.0,345.0,2.0,23.6,41.4
182446,Ramon Avancena High School,,Outdoor,airgradient:34b7dad31274,True,2026-01-26 19:00:00,2026-01-26T11:00:00.000Z,5,45.8,34.1,2330.0,427.0,427.0,27.5,27.3,30.6,59.0,81.0,890.0,447.0,2.0,31.7,56.7
182446,Ramon Avancena High School,,Outdoor,airgradient:34b7dad31274,True,2026-01-26 18:55:00,2026-01-26T10:55:00.000Z,5,76.0,60.3,4337.0,433.0,433.0,27.5,27.4,30.9,60.0,82.0,1921.0,497.0,2.0,54.5,83.3
182446,Ramon Avancena High School,,Outdoor,airgradient:34b7dad31274,True,2026-01-26 18:50:00,2026-01-26T10:50:00.000Z,5,63.4,50.4,3619.0,436.0,436.0,27.5,27.4,31.0,60.0,83.0,1173.0,403.0,2.0,44.8,73.0
182446,Ramon Avancena High School,,Outdoor,airgradient:34b7dad31274,True,2026-01-26 18:45:00,2026-01-26T10:45:00.000Z,5,59.2,47.2,3321.0,446.0,446.0,27.5,27.4,31.0,60.0,83.0,347.0,281.0,2.0,41.7,70.9
182446,Ramon Avancena High School,,Outdoor,airgradient:34b7dad31274,True,2026-01-26 18:40:00,2026-01-26T10:40:00.000Z,5,59.1,47.0,3340.0,454.0,454.0,27.5,27.4,31.0,60.0,83.0,571.0,377.0,2.0,40.9,71.0
182446,Ramon Avancena High School,,Outdoor,airgradient:34b7dad31274,True,2026-01-26 18:35:00,2026-01-26T10:35:00.000Z,5,55.4,44.1,3154.0,453.0,453.0,27.5,27.4,31.0,60.0,83.0,779.0,400.0,2.0,38.3,68.0
182446,Ramon Avancena High School,,Outdoor,airgradient:34b7dad31274,True,2026-01-26 18:30:00,2026-01-26T10:30:00.000Z,5,60.8,48.4,3360.0,435.0,435.0,27.5,27.4,31.0,60.0,83.0,867.0,433.0,1.0,41.7,71.5
182446,Ramon Avancena High School,,Outdoor,airgradient:34b7dad31274,True,2026-01-26 18:25:00,2026-01-26T10:25:00.000Z,5,60.6,48.2,3316.0,443.0,443.0,27.5,27.4,30.9,60.0,82.0,1347.0,485.0,1.0,41.7,72.3
182446,Ramon Avancena High School,,Outdoor,airgradient:34b7dad31274,True,2026-01-26 18:20:00,2026-01-26T10:20:00.000Z,5,49.5,39.0,2681.0,462.0,462.0,27.5,27.4,31.0,60.0,83.0,966.0,456.0,2.0,33.6,62.0
182446,Ramon Avancena High School,,Outdoor,airgradient:34b7dad31274,True,2026-01-26 18:15:00,2026-01-26T10:15:00.000Z,5,48.4,37.6,2594.0,466.0,466.0,27.5,27.4,31.0,60.0,83.0,837.0,441.0,1.0,33.1,61.3
182446,Ramon Avancena High School,,Outdoor,airgradient:34b7dad31274,True,2026-01-26 18:10:00,2026-01-26T10:10:00.000Z,5,48.1,37.3,2511.0,440.0,440.0,27.6,27.5,31.1,60.0,82.0,552.0,374.0,2.0,33.1,59.7
182446,Ramon Avancena High School,,Outdoor,airgradient:34b7dad31274,True,2026-01-26 18:05:00,2026-01-26T10:05:00.000Z,5,48.0,37.1,2572.0,442.0,442.0,27.6,27.5,31.1,59.0,82.0,724.0,420.0,2.0,33.3,60.0
182446,Ramon Avancena High School,,Outdoor,airgradient:34b7dad31274,True,2026-01-26 18:00:00,2026-01-26T10:00:00.000Z,5,48.8,38.1,2608.0,430.0,430.0,27.6,27.5,31.2,60.0,82.0,1126.0,470.0,1.0,33.3,61.4
182446,Ramon Avancena High School,,Outdoor,airgradient:34b7dad31274,True,2026-01-26 17:55:00,2026-01-26T09:55:00.000Z,5,47.8,36.8,2581.0,419.0,419.0,27.6,27.5,31.3,60.0,83.0,455.0,291.0,1.0,32.9,60.9
182446,Ramon Avancena High School,,Outdoor,airgradient:34b7dad31274,True,2026-01-26 17:50:00,2026-01-26T09:50:00.000Z,4,46.6,35.2,2375.0,425.0,425.0,27.6,27.5,31.1,59.0,82.0,105.0,111.0,1.0,31.8,58.4
182446,Ramon Avancena High School,,Outdoor,airgradient:34b7dad31274,True,2026-01-26 17:45:00,2026-01-26T09:45:00.000Z,5,44.1,31.9,2160.0,431.0,431.0,27.6,27.5,31.1,59.0,82.0,82.0,87.0,1.0,29.9,54.4
182446,Ramon Avancena High School,,Outdoor,airgradient:34b7dad31274,True,2026-01-26 17:40:00,2026-01-26T09:40:00.000Z,5,45.2,33.4,2253.0,432.0,432.0,27.6,27.5,31.1,59.0,82.0,163.0,166.0,1.0,30.6,56.0
182446,Ramon Avancena High School,,Outdoor,airgradient:34b7dad31274,True,2026-01-26 17:35:00,2026-01-26T09:35:00.000Z,5,46.5,35.0,2350.0,424.0,424.0,27.7,27.6,31.3,59.0,82.0,167.0,168.0,1.0,31.9,58.1
182446,Ramon Avancena High School,,Outdoor,airgradient:34b7dad31274,True,2026-01-26 17:30:00,2026-01-26T09:30:00.000Z,5,45.5,33.8,2252.0,426.0,426.0,27.8,27.7,31.5,59.0,82.0,123.0,129.0,1.0,30.7,55.7
182446,Ramon Avancena High School,,Outdoor,airgradient:34b7dad31274,True,2026-01-26 17:25:00,2026-01-26T09:25:00.000Z,5,44.5,32.5,2252.0,441.0,441.0,27.8,27.8,31.6,59.0,81.0,428.0,322.0,1.0,30.2,55.2
182446,Ramon Avancena High School,,Outdoor,airgradient:34b7dad31274,True,2026-01-26 17:20:00,2026-01-26T09:20:00.000Z,5,46.0,34.5,2292.0,425.0,425.0,27.9,27.8,31.7,59.0,81.0,418.0,320.0,1.0,31.3,57.2
182446,Ramon Avancena High School,,Outdoor,airgradient:34b7dad31274,True,2026-01-26 17:15:00,2026-01-26T09:15:00.000Z,5,44.2,32.2,2178.0,436.0,436.0,27.9,27.8,31.7,58.0,80.0,646.0,399.0,1.0,30.0,54.3
182446,Ramon Avancena High School,,Outdoor,airgradient:34b7dad31274,True,2026-01-26 17:10:00,2026-01-26T09:10:00.000Z,5,43.0,30.7,2040.0,421.0,421.0,28.0,28.0,31.8,57.0,79.0,732.0,419.0,1.0,29.2,53.1
182446,Ramon Avancena High School,,Outdoor,airgradient:34b7dad31274,True,2026-01-26 17:05:00,2026-01-26T09:05:00.000Z,5,45.0,33.3,2238.0,414.0,414.0,28.0,28.0,31.8,57.0,79.0,734.0,425.0,1.0,30.4,55.8
182446,Ramon Avancena High School,,Outdoor,airgradient:34b7dad31274,True,2026-01-26 17:00:00,2026-01-26T09:00:00.000Z,5,41.9,29.4,2006.0,417.0,417.0,27.9,27.9,31.7,57.0,79.0,169.0,167.0,2.0,28.9,51.7
182446,Ramon Avancena High School,,Outdoor,airgradient:34b7dad31274,True,2026-01-26 16:55:00,2026-01-26T08:55:00.000Z,5,40.4,27.6,1917.0,427.0,427.0,27.9,27.8,31.5,57.0,79.0,197.0,189.0,2.0,27.9,49.6
182446,Ramon Avancena High School,,Outdoor,airgradient:34b7dad31274,True,2026-01-26 16:50:00,2026-01-26T08:50:00.000Z,5,46.5,35.0,2391.0,421.0,421.0,27.9,27.8,31.5,57.0,79.0,258.0,239.0,1.0,31.8,58.7
182446,Ramon Avancena High School,,Outdoor,airgradient:34b7dad31274,True,2026-01-26 16:45:00,2026-01-26T08:45:00.000Z,5,46.1,34.3,2326.0,418.0,418.0,27.8,27.8,31.5,58.0,80.0,160.0,162.0,1.0,30.6,60.0
182446,Ramon Avancena High School,,Outdoor,airgradient:34b7dad31274,True,2026-01-26 16:40:00,2026-01-26T08:40:00.000Z,5,41.2,28.5,1944.0,420.0,420.0,27.8,27.7,31.3,57.0,79.0,235.0,198.0,1.0,28.4,50.2
182446,Ramon Avancena High School,,Outdoor,airgradient:34b7dad31274,True,2026-01-26 16:35:00,2026-01-26T08:35:00.000Z,5,40.1,27.1,1788.0,413.0,413.0,27.8,27.7,31.4,57.0,80.0,63.0,66.0,1.0,27.1,48.6
182446,Ramon Avancena High School,,Outdoor,airgradient:34b7dad31274,True,2026-01-26 16:30:00,2026-01-26T08:30:00.000Z,5,37.0,23.5,1634.0,423.0,423.0,27.8,27.7,31.4,58.0,80.0,419.0,301.0,1.0,25.0,45.2
182446,Ramon Avancena High School,,Outdoor,airgradient:34b7dad31274,True,2026-01-26 16:25:00,2026-01-26T08:25:00.000Z,5,35.0,21.4,1533.0,429.0,429.0,27.8,27.8,31.5,57.0,80.0,439.0,325.0,1.0,23.8,41.4
182446,Ramon Avancena High School,,Outdoor,airgradient:34b7dad31274,True,2026-01-26 16:20:00,2026-01-26T08:20:00.000Z,5,32.0,18.7,1325.0,437.0,437.0,27.9,27.8,31.6,57.0,79.0,923.0,422.0,1.0,22.4,37.1
182446,Ramon Avancena High School,,Outdoor,airgradient:34b7dad31274,True,2026-01-26 16:15:00,2026-01-26T08:15:00.000Z,5,31.7,20.1,1410.0,399.0,399.0,28.0,28.0,31.9,57.0,79.0,245.0,222.0,1.0,20.1,37.7
182446,Ramon Avancena High School,,Outdoor,airgradient:34b7dad31274,True,2026-01-26 16:10:00,2026-01-26T08:10:00.000Z,5,18.7,10.7,770.0,402.0,402.0,28.0,28.0,31.8,56.0,78.0,399.0,315.0,1.0,8.8,21.3
182446,Ramon Avancena High School,,Outdoor,airgradient:34b7dad31274,True,2026-01-26 16:05:00,2026-01-26T08:05:00.000Z,5,19.2,11.0,829.0,403.0,403.0,28.0,27.9,31.5,55.0,77.0,109.0,100.0,1.0,10.7,22.8
182446,Ramon Avancena High School,,Outdoor,airgradient:34b7dad31274,True,2026-01-26 16:00:00,2026-01-26T08:00:00.000Z,5,13.8,8.2,695.0,406.0,406.0,27.9,27.8,31.2,55.0,77.0,60.0,60.0,1.0,7.3,16.6
182446,Ramon Avancena High School,,Outdoor,airgradient:34b7dad31274,True,2026-01-26 15:55:00,2026-01-26T07:55:00.000Z,5,14.8,8.7,665.0,395.0,395.0,27.9,27.8,31.2,55.0,77.0,19.0,12.0,1.0,6.6,18.2
182446,Ramon Avancena High School,,Outdoor,airgradient:34b7dad31274,True,2026-01-26 15:50:00,2026-01-26T07:50:00.000Z,5,14.7,8.7,708.0,395.0,395.0,27.8,27.8,31.2,56.0,77.0,18.0,12.0,1.0,7.5,18.2
182446,Ramon Avancena High School,,Outdoor,airgradient:34b7dad31274,True,2026-01-26 15:45:00,2026-01-26T07:45:00.000Z,5,16.0,9.4,702.0,398.0,398.0,27.8,27.7,31.1,56.0,77.0,21.0,15.0,1.0,7.5,19.1
182446,Ramon Avancena High School,,Outdoor,airgradient:34b7dad31274,True,2026-01-26 15:40:00,2026-01-26T07:40:00.000Z,5,15.9,9.3,714.0,396.0,396.0,27.9,27.8,31.2,55.0,77.0,73.0,74.0,1.0,7.1,20.1
182446,Ramon Avancena High School,,Outdoor,airgradient:34b7dad31274,True,2026-01-26 15:35:00,2026-01-26T07:35:00.000Z,5,19.4,11.1,763.0,399.0,399.0,27.9,27.8,31.2,55.0,77.0,22.0,17.0,1.0,9.1,22.0
182446,Ramon Avancena High School,,Outdoor,airgradient:34b7dad31274,True,2026-01-26 15:30:00,2026-01-26T07:30:00.000Z,5,21.4,12.2,820.0,398.0,398.0,27.9,27.9,31.3,55.0,76.0,19.0,13.0,1.0,10.8,22.6
182446,Ramon Avancena High School,,Outdoor,airgradient:34b7dad31274,True,2026-01-26 15:25:00,2026-01-26T07:25:00.000Z,5,23.0,13.1,932.0,398.0,398.0,28.0,28.0,31.6,54.0,76.0,20.0,15.0,1.0,14.2,25.3
182446,Ramon Avancena High School,,Outdoor,airgradient:34b7dad31274,True,2026-01-26 15:20:00,2026-01-26T07:20:00.000Z,5,23.3,13.2,973.0,395.0,395.0,28.2,28.2,31.9,55.0,76.0,21.0,16.0,1.0,15.9,26.6
182446,Ramon Avancena High School,,Outdoor,airgradient:34b7dad31274,True,2026-01-26 15:15:00,2026-01-26T07:15:00.000Z,5,26.2,14.8,1016.0,397.0,397.0,28.3,28.3,32.2,54.0,76.0,25.0,21.0,1.0,18.5,27.9
182446,Ramon Avancena High School,,Outdoor,airgradient:34b7dad31274,True,2026-01-26 15:10:00,2026-01-26T07:10:00.000Z,5,28.6,16.1,1147.0,404.0,404.0,28.4,28.4,32.2,54.0,75.0,59.0,61.0,1.0,19.6,32.5
182446,Ramon Avancena High School,,Outdoor,airgradient:34b7dad31274,True,2026-01-26 15:05:00,2026-01-26T07:05:00.000Z,5,31.4,18.2,1254.0,414.0,414.0,28.5,28.5,32.5,53.0,75.0,306.0,256.0,1.0,21.0,37.1
182446,Ramon Avancena High School,,Outdoor,airgradient:34b7dad31274,True,2026-01-26 15:00:00,2026-01-26T07:00:00.000Z,5,32.3,19.1,1380.0,404.0,404.0,28.5,28.5,32.4,53.0,74.0,77.0,74.0,1.0,22.2,37.8
182446,Ramon Avancena High School,,Outdoor,airgradient:34b7dad31274,True,2026-01-26 14:55:00,2026-01-26T06:55:00.000Z,5,35.9,22.8,1570.0,418.0,418.0,28.6,28.6,32.7,53.0,74.0,139.0,127.0,1.0,24.5,43.0
182446,Ramon Avancena High School,,Outdoor,airgradient:34b7dad31274,True,2026-01-26 14:50:00,2026-01-26T06:50:00.000Z,5,39.3,26.6,1736.0,435.0,435.0,28.5,28.6,32.5,53.0,74.0,419.0,320.0,1.0,26.9,47.1
182446,Ramon Avancena High School,,Outdoor,airgradient:34b7dad31274,True,2026-01-26 14:45:00,2026-01-26T06:45:00.000Z,5,42.8,30.8,1987.0,430.0,430.0,28.4,28.5,32.2,53.0,74.0,461.0,311.0,1.0,28.9,53.1
182446,Ramon Avancena High School,,Outdoor,airgradient:34b7dad31274,True,2026-01-26 14:40:00,2026-01-26T06:40:00.000Z,5,43.7,32.0,2078.0,409.0,409.0,28.3,28.3,31.9,53.0,74.0,57.0,58.0,1.0,29.5,53.8
182446,Ramon Avancena High School,,Outdoor,airgradient:34b7dad31274,True,2026-01-26 14:35:00,2026-01-26T06:35:00.000Z,5,40.6,28.1,1911.0,404.0,404.0,28.3,28.3,31.9,53.0,74.0,32.0,29.0,1.0,27.7,49.8
182446,Ramon Avancena High School,,Outdoor,airgradient:34b7dad31274,True,2026-01-26 14:30:00,2026-01-26T06:30:00.000Z,5,41.2,28.8,1893.0,400.0,400.0,28.2,28.2,31.7,53.0,74.0,18.0,12.0,1.0,27.2,50.6
182446,Ramon Avancena High School,,Outdoor,airgradient:34b7dad31274,True,2026-01-26 14:25:00,2026-01-26T06:25:00.000Z,5,34.1,20.8,1464.0,402.0,402.0,28.3,28.3,32.0,53.0,75.0,16.0,10.0,1.0,22.9,40.7
182446,Ramon Avancena High School,,Outdoor,airgradient:34b7dad31274,True,2026-01-26 14:20:00,2026-01-26T06:20:00.000Z,5,33.1,19.9,1381.0,408.0,408.0,28.3,28.3,32.0,53.0,75.0,45.0,45.0,1.0,22.1,40.3
182446,Ramon Avancena High School,,Outdoor,airgradient:34b7dad31274,True,2026-01-26 14:15:00,2026-01-26T06:15:00.000Z,5,32.8,19.5,1370.0,409.0,409.0,28.3,28.3,32.0,54.0,75.0,33.0,31.0,1.0,22.6,38.0
182446,Ramon Avancena High School,,Outdoor,airgradient:34b7dad31274,True,2026-01-26 14:10:00,2026-01-26T06:10:00.000Z,5,34.5,21.2,1435.0,406.0,406.0,28.3,28.3,32.0,54.0,75.0,22.0,17.0,1.0,23.1,42.1
182446,Ramon Avancena High School,,Outdoor,airgradient:34b7dad31274,True,2026-01-26 14:05:00,2026-01-26T06:05:00.000Z,5,33.5,20.2,1445.0,397.0,397.0,28.3,28.3,32.1,53.0,75.0,18.0,12.0,1.0,22.9,39.8
182446,Ramon Avancena High School,,Outdoor,airgradient:34b7dad31274,True,2026-01-26 14:00:00,2026-01-26T06:00:00.000Z,5,33.4,20.1,1399.0,410.0,410.0,28.4,28.4,32.1,53.0,74.0,26.0,22.0,1.0,22.8,39.7
182446,Ramon Avancena High School,,Outdoor,airgradient:34b7dad31274,True,2026-01-26 13:55:00,2026-01-26T05:55:00.000Z,5,34.6,21.4,1432.0,419.0,419.0,28.5,28.5,32.3,53.0,74.0,46.0,46.0,1.0,23.5,42.0
182446,Ramon Avancena High School,,Outdoor,airgradient:34b7dad31274,True,2026-01-26 13:50:00,2026-01-26T05:50:00.000Z,5,36.0,23.0,1509.0,430.0,430.0,28.5,28.6,32.4,52.0,73.0,94.0,99.0,1.0,24.4,44.5
182446,Ramon Avancena High School,,Outdoor,airgradient:34b7dad31274,True,2026-01-26 13:45:00,2026-01-26T05:45:00.000Z,5,37.9,25.0,1691.0,438.0,438.0,28.6,28.7,32.6,52.0,73.0,164.0,146.0,1.0,25.7,47.2
182446,Ramon Avancena High School,,Outdoor,airgradient:34b7dad31274,True,2026-01-26 13:40:00,2026-01-26T05:40:00.000Z,5,38.1,25.3,1683.0,427.0,427.0,28.7,28.8,32.7,52.0,73.0,42.0,41.0,1.0,25.7,46.4
182446,Ramon Avancena High School,,Outdoor,airgradient:34b7dad31274,True,2026-01-26 13:35:00,2026-01-26T05:35:00.000Z,5,39.8,27.3,1705.0,455.0,455.0,28.8,28.9,32.9,52.0,72.0,82.0,81.0,1.0,26.4,49.3
182446,Ramon Avancena High School,,Outdoor,airgradient:34b7dad31274,True,2026-01-26 13:30:00,2026-01-26T05:30:00.000Z,5,41.6,29.6,1790.0,450.0,450.0,28.8,28.9,33.0,52.0,72.0,242.0,221.0,1.0,28.0,51.5
182446,Ramon Avancena High School,,Outdoor,airgradient:34b7dad31274,True,2026-01-26 13:25:00,2026-01-26T05:25:00.000Z,5,39.6,27.1,1762.0,440.0,440.0,28.8,28.9,33.0,52.0,72.0,88.0,92.0,1.0,26.8,48.8
182446,Ramon Avancena High School,,Outdoor,airgradient:34b7dad31274,True,2026-01-26 13:20:00,2026-01-26T05:20:00.000Z,5,40.1,27.6,1805.0,420.0,420.0,28.7,28.8,32.8,52.0,73.0,50.0,51.0,1.0,27.4,48.8
182446,Ramon Avancena High School,,Outdoor,airgradient:34b7dad31274,True,2026-01-26 13:15:00,2026-01-26T05:15:00.000Z,5,41.6,29.4,1928.0,429.0,429.0,28.6,28.7,32.6,52.0,73.0,68.0,72.0,1.0,28.5,51.2
182446,Ramon Avancena High School,,Outdoor,airgradient:34b7dad31274,True,2026-01-26 13:10:00,2026-01-26T05:10:00.000Z,5,42.4,30.4,1930.0,442.0,442.0,28.5,28.5,32.3,52.0,73.0,81.0,84.0,1.0,28.3,51.8
182446,Ramon Avancena High School,,Outdoor,airgradient:34b7dad31274,True,2026-01-26 13:05:00,2026-01-26T05:05:00.000Z,5,43.7,32.1,2046.0,409.0,409.0,28.4,28.5,32.1,52.0,73.0,69.0,59.0,1.0,29.2,54.8
182446,Ramon Avancena High School,,Outdoor,airgradient:34b7dad31274,True,2026-01-26 13:00:00,2026-01-26T05:00:00.000Z,5,42.9,31.0,2050.0,413.0,413.0,28.5,28.5,32.1,52.0,73.0,22.0,17.0,1.0,28.8,54.0
182446,Ramon Avancena High School,,Outdoor,airgradient:34b7dad31274,True,2026-01-26 12:55:00,2026-01-26T04:55:00.000Z,5,43.7,32.0,2068.0,420.0,420.0,28.4,28.5,32.1,52.0,73.0,29.0,26.0,1.0,29.3,55.1
182446,Ramon Avancena High School,,Outdoor,airgradient:34b7dad31274,True,2026-01-26 12:50:00,2026-01-26T04:50:00.000Z,5,45.3,34.0,2173.0,433.0,433.0,28.4,28.4,31.8,52.0,73.0,133.0,125.0,1.0,29.9,56.2
182446,Ramon Avancena High School,,Outdoor,airgradient:34b7dad31274,True,2026-01-26 12:45:00,2026-01-26T04:45:00.000Z,5,45.2,33.9,2089.0,403.0,403.0,28.3,28.3,31.8,52.0,73.0,19.0,13.0,1.0,29.8,56.3
182446,Ramon Avancena High School,,Outdoor,airgradient:34b7dad31274,True,2026-01-26 12:40:00,2026-01-26T04:40:00.000Z,5,43.2,31.3,2018.0,426.0,426.0,28.4,28.3,31.8,52.0,73.0,114.0,112.0,1.0,29.1,53.4
182446,Ramon Avancena High School,,Outdoor,airgradient:34b7dad31274,True,2026-01-26 12:35:00,2026-01-26T04:35:00.000Z,5,42.1,30.0,1955.0,421.0,421.0,28.3,28.4,31.8,52.0,73.0,40.0,38.0,1.0,28.2,52.6
182446,Ramon Avancena High School,,Outdoor,airgradient:34b7dad31274,True,2026-01-26 12:30:00,2026-01-26T04:30:00.000Z,5,39.1,26.5,1746.0,419.0,419.0,28.3,28.3,31.6,52.0,72.0,78.0,77.0,1.0,26.7,48.7
182446,Ramon Avancena High School,,Outdoor,airgradient:34b7dad31274,True,2026-01-26 12:25:00,2026-01-26T04:25:00.000Z,5,36.6,23.6,1599.0,425.0,425.0,28.3,28.3,31.5,52.0,72.0,40.0,39.0,1.0,24.6,46.0
182446,Ramon Avancena High School,,Outdoor,airgradient:34b7dad31274,True,2026-01-26 12:20:00,2026-01-26T04:20:00.000Z,5,39.7,27.1,1769.0,421.0,421.0,28.1,28.1,31.2,51.0,72.0,44.0,43.0,1.0,26.6,49.3
182446,Ramon Avancena High School,,Outdoor,airgradient:34b7dad31274,True,2026-01-26 12:15:00,2026-01-26T04:15:00.000Z,5,40.3,27.9,1836.0,421.0,421.0,28.1,28.1,31.1,51.0,72.0,24.0,19.0,1.0,27.1,49.6
182446,Ramon Avancena High School,,Outdoor,airgradient:34b7dad31274,True,2026-01-26 12:10:00,2026-01-26T04:10:00.000Z,5,38.2,25.5,1780.0,438.0,438.0,28.0,27.9,30.9,52.0,73.0,231.0,212.0,1.0,25.8,47.6
182446,Ramon Avancena High School,,Outdoor,airgradient:34b7dad31274,True,2026-01-26 12:05:00,2026-01-26T04:05:00.000Z,5,38.8,26.2,1727.0,420.0,420.0,27.9,27.8,30.5,52.0,72.0,46.0,44.0,1.0,26.2,47.4
182446,Ramon Avancena High School,,Outdoor,airgradient:34b7dad31274,True,2026-01-26 12:00:00,2026-01-26T04:00:00.000Z,5,41.3,29.1,1906.0,418.0,418.0,27.9,27.8,30.6,52.0,72.0,21.0,15.0,1.0,27.9,51.6
182446,Ramon Avancena High School,,Outdoor,airgradient:34b7dad31274,True,2026-01-26 11:55:00,2026-01-26T03:55:00.000Z,5,40.9,28.6,1842.0,423.0,423.0,27.9,27.9,30.6,52.0,72.0,71.0,74.0,1.0,27.1,50.8
182446,Ramon Avancena High School,,Outdoor,airgradient:34b7dad31274,True,2026-01-26 11:50:00,2026-01-26T03:50:00.000Z,5,43.3,31.7,2033.0,425.0,425.0,27.9,27.8,30.5,51.0,72.0,41.0,39.0,1.0,29.1,53.9
182446,Ramon Avancena High School,,Outdoor,airgradient:34b7dad31274,True,2026-01-26 11:45:00,2026-01-26T03:45:00.000Z,5,50.5,40.9,2633.0,432.0,432.0,27.9,27.8,30.5,52.0,72.0,115.0,115.0,1.0,33.7,64.5
182446,Ramon Avancena High School,,Outdoor,airgradient:34b7dad31274,True,2026-01-26 11:40:00,2026-01-26T03:40:00.000Z,5,53.1,43.0,2847.0,434.0,434.0,27.8,27.8,30.5,52.0,72.0,154.0,150.0,1.0,35.4,66.8
182446,Ramon Avancena High School,,Outdoor,airgradient:34b7dad31274,True,2026-01-26 11:35:00,2026-01-26T03:35:00.000Z,5,55.6,45.0,2997.0,430.0,430.0,27.9,27.8,30.5,52.0,72.0,60.0,61.0,1.0,37.5,69.1
182446,Ramon Avancena High School,,Outdoor,airgradient:34b7dad31274,True,2026-01-26 11:30:00,2026-01-26T03:30:00.000Z,5,54.8,44.4,2998.0,449.0,449.0,27.9,27.9,30.7,52.0,72.0,191.0,167.0,1.0,37.5,68.9
182446,Ramon Avancena High School,,Outdoor,airgradient:34b7dad31274,True,2026-01-26 11:25:00,2026-01-26T03:25:00.000Z,5,54.0,43.8,2961.0,449.0,449.0,28.0,28.0,30.9,52.0,72.0,230.0,200.0,1.0,36.7,67.8
182446,Ramon Avancena High School,,Outdoor,airgradient:34b7dad31274,True,2026-01-26 11:20:00,2026-01-26T03:20:00.000Z,5,52.0,42.2,2845.0,457.0,457.0,28.0,28.0,30.9,51.0,72.0,265.0,209.0,1.0,35.1,66.0
182446,Ramon Avancena High School,,Outdoor,airgradient:34b7dad31274,True,2026-01-26 11:15:00,2026-01-26T03:15:00.000Z,5,52.1,42.3,2843.0,467.0,467.0,28.1,28.1,31.1,51.0,72.0,494.0,331.0,1.0,35.2,66.4
182446,Ramon Avancena High School,,Outdoor,airgradient:34b7dad31274,True,2026-01-26 11:10:00,2026-01-26T03:10:00.000Z,5,50.5,41.0,2728.0,435.0,435.0,28.1,28.1,31.1,51.0,72.0,187.0,161.0,1.0,34.4,63.9
182446,Ramon Avancena High School,,Outdoor,airgradient:34b7dad31274,True,2026-01-26 11:05:00,2026-01-26T03:05:00.000Z,5,50.9,41.2,2680.0,448.0,448.0,28.1,28.1,31.1,51.0,72.0,170.0,151.0,1.0,34.0,64.7
182446,Ramon Avancena High School,,Outdoor,airgradient:34b7dad31274,True,2026-01-26 11:00:00,2026-01-26T03:00:00.000Z,5,49.5,39.8,2591.0,452.0,452.0,28.1,28.1,31.1,51.0,72.0,260.0,233.0,1.0,33.4,62.5
182446,Ramon Avancena High School,,Outdoor,airgradient:34b7dad31274,True,2026-01-26 10:55:00,2026-01-26T02:55:00.000Z,5,48.9,39.0,2570.0,445.0,445.0,28.1,28.1,31.1,51.0,72.0,460.0,303.0,1.0,33.0,61.6
182446,Ramon Avancena High School,,Outdoor,airgradient:34b7dad31274,True,2026-01-26 10:50:00,2026-01-26T02:50:00.000Z,5,49.6,40.1,2616.0,442.0,442.0,28.2,28.2,31.2,51.0,72.0,53.0,54.0,1.0,33.5,62.4
182446,Ramon Avancena High School,,Outdoor,airgradient:34b7dad31274,True,2026-01-26 10:45:00,2026-01-26T02:45:00.000Z,5,47.9,37.7,2476.0,462.0,462.0,28.2,28.2,31.4,51.0,72.0,187.0,159.0,1.0,32.2,60.9
182446,Ramon Avancena High School,,Outdoor,airgradient:34b7dad31274,True,2026-01-26 10:40:00,2026-01-26T02:40:00.000Z,5,48.0,37.8,2480.0,447.0,447.0,28.2,28.2,31.3,51.0,72.0,241.0,196.0,1.0,32.1,61.7
182446,Ramon Avancena High School,,Outdoor,airgradient:34b7dad31274,True,2026-01-26 10:35:00,2026-01-26T02:35:00.000Z,5,44.4,33.1,2231.0,453.0,453.0,28.2,28.2,31.2,51.0,71.0,452.0,300.0,1.0,29.7,57.0
182446,Ramon Avancena High School,,Outdoor,airgradient:34b7dad31274,True,2026-01-26 10:30:00,2026-01-26T02:30:00.000Z,5,44.4,33.1,2202.0,453.0,453.0,28.2,28.2,31.2,50.0,71.0,530.0,267.0,1.0,30.1,57.1
182446,Ramon Avancena High School,,Outdoor,airgradient:34b7dad31274,True,2026-01-26 10:25:00,2026-01-26T02:25:00.000Z,5,44.7,33.5,2274.0,425.0,425.0,28.2,28.2,31.1,50.0,70.0,216.0,186.0,1.0,30.5,57.5
182446,Ramon Avancena High School,,Outdoor,airgradient:34b7dad31274,True,2026-01-26 10:20:00,2026-01-26T02:20:00.000Z,5,45.1,34.0,2226.0,425.0,425.0,28.2,28.2,31.2,50.0,71.0,58.0,60.0,1.0,30.4,56.6
182446,Ramon Avancena High School,,Outdoor,airgradient:34b7dad31274,True,2026-01-26 10:15:00,2026-01-26T02:15:00.000Z,5,45.2,34.1,2281.0,435.0,435.0,28.2,28.2,31.1,50.0,70.0,126.0,128.0,1.0,30.5,56.6
182446,Ramon Avancena High School,,Outdoor,airgradient:34b7dad31274,True,2026-01-26 10:10:00,2026-01-26T02:10:00.000Z,5,46.4,35.8,2300.0,431.0,431.0,28.2,28.2,31.1,50.0,70.0,279.0,209.0,1.0,31.5,58.9
182446,Ramon Avancena High School,,Outdoor,airgradient:34b7dad31274,True,2026-01-26 10:05:00,2026-01-26T02:05:00.000Z,5,47.3,36.9,2509.0,443.0,443.0,28.1,28.1,31.0,50.0,71.0,167.0,158.0,1.0,32.1,60.3
182446,Ramon Avancena High School,,Outdoor,airgradient:34b7dad31274,True,2026-01-26 10:00:00,2026-01-26T02:00:00.000Z,5,44.6,33.3,2256.0,473.0,473.0,28.1,28.0,30.9,50.0,71.0,634.0,339.0,1.0,30.4,56.7
182446,Ramon Avancena High School,,Outdoor,airgradient:34b7dad31274,True,2026-01-26 09:55:00,2026-01-26T01:55:00.000Z,5,43.9,32.4,2186.0,456.0,456.0,28.0,28.0,30.8,51.0,71.0,288.0,196.0,1.0,30.0,55.7
182446,Ramon Avancena High School,,Outdoor,airgradient:34b7dad31274,True,2026-01-26 09:50:00,2026-01-26T01:50:00.000Z,5,43.5,31.9,2100.0,446.0,446.0,28.0,28.0,30.8,51.0,71.0,300.0,182.0,1.0,29.6,54.2
182446,Ramon Avancena High School,,Outdoor,airgradient:34b7dad31274,True,2026-01-26 09:45:00,2026-01-26T01:45:00.000Z,5,45.2,34.1,2248.0,425.0,425.0,27.9,27.9,30.6,51.0,71.0,40.0,39.0,1.0,31.0,56.3
182446,Ramon Avancena High School,,Outdoor,airgradient:34b7dad31274,True,2026-01-26 09:40:00,2026-01-26T01:40:00.000Z,5,47.5,37.2,2549.0,437.0,437.0,27.8,27.8,30.4,51.0,72.0,80.0,83.0,1.0,33.1,60.2
182446,Ramon Avancena High School,,Outdoor,airgradient:34b7dad31274,True,2026-01-26 09:35:00,2026-01-26T01:35:00.000Z,5,46.9,36.3,2380.0,463.0,463.0,27.7,27.6,30.2,51.0,72.0,731.0,391.0,1.0,31.7,58.9
182446,Ramon Avancena High School,,Outdoor,airgradient:34b7dad31274,True,2026-01-26 09:30:00,2026-01-26T01:30:00.000Z,5,48.1,37.8,2566.0,454.0,454.0,27.6,27.5,30.0,52.0,72.0,582.0,309.0,1.0,32.8,61.9
182446,Ramon Avancena High School,,Outdoor,airgradient:34b7dad31274,True,2026-01-26 09:25:00,2026-01-26T01:25:00.000Z,5,49.9,40.2,2616.0,442.0,442.0,27.7,27.6,30.1,51.0,72.0,311.0,256.0,1.0,33.6,64.1
182446,Ramon Avancena High School,,Outdoor,airgradient:34b7dad31274,True,2026-01-26 09:20:00,2026-01-26T01:20:00.000Z,5,49.6,40.0,2633.0,441.0,441.0,27.9,27.8,30.4,51.0,71.0,233.0,212.0,1.0,33.3,62.9
182446,Ramon Avancena High School,,Outdoor,airgradient:34b7dad31274,True,2026-01-26 09:15:00,2026-01-26T01:15:00.000Z,5,51.1,41.6,2807.0,459.0,459.0,28.1,28.1,31.0,50.0,70.0,276.0,238.0,1.0,35.1,65.1
182446,Ramon Avancena High School,,Outdoor,airgradient:34b7dad31274,True,2026-01-26 09:10:00,2026-01-26T01:10:00.000Z,5,52.6,42.7,3000.0,447.0,447.0,28.3,28.3,31.3,50.0,70.0,328.0,251.0,1.0,37.0,66.5
182446,Ramon Avancena High School,,Outdoor,airgradient:34b7dad31274,True,2026-01-26 09:05:00,2026-01-26T01:05:00.000Z,5,49.2,39.3,2738.0,449.0,449.0,28.4,28.4,31.6,50.0,70.0,325.0,273.0,1.0,33.5,63.1
182446,Ramon Avancena High School,,Outdoor,airgradient:34b7dad31274,True,2026-01-26 09:00:00,2026-01-26T01:00:00.000Z,5,44.6,33.4,2193.0,456.0,456.0,28.6,28.7,32.0,50.0,70.0,556.0,359.0,1.0,30.0,55.5
182446,Ramon Avancena High School,,Outdoor,airgradient:34b7dad31274,True,2026-01-26 08:55:00,2026-01-26T00:55:00.000Z,5,43.6,32.0,2158.0,460.0,460.0,28.3,28.3,31.4,51.0,71.0,360.0,272.0,1.0,29.8,54.9
182446,Ramon Avancena High School,,Outdoor,airgradient:34b7dad31274,True,2026-01-26 08:50:00,2026-01-26T00:50:00.000Z,5,45.7,34.6,2289.0,459.0,459.0,27.3,27.2,29.5,53.0,74.0,53.0,54.0,1.0,30.4,57.0
182446,Ramon Avancena High School,,Outdoor,airgradient:34b7dad31274,True,2026-01-26 08:45:00,2026-01-26T00:45:00.000Z,5,47.8,37.1,2433.0,458.0,458.0,26.6,26.3,27.5,54.0,76.0,92.0,97.0,1.0,32.6,61.2
182446,Ramon Avancena High School,,Outdoor,airgradient:34b7dad31274,True,2026-01-26 08:40:00,2026-01-26T00:40:00.000Z,5,46.6,35.6,2420.0,453.0,453.0,26.4,26.0,26.7,54.0,76.0,131.0,133.0,1.0,31.4,59.3
182446,Ramon Avancena High School,,Outdoor,airgradient:34b7dad31274,True,2026-01-26 08:35:00,2026-01-26T00:35:00.000Z,5,47.3,36.4,2565.0,445.0,445.0,26.2,25.9,26.5,55.0,76.0,54.0,55.0,1.0,32.5,59.7
182446,Ramon Avancena High School,,Outdoor,airgradient:34b7dad31274,True,2026-01-26 08:30:00,2026-01-26T00:30:00.000Z,5,45.1,33.5,2260.0,442.0,442.0,26.1,25.7,26.3,55.0,77.0,98.0,99.0,1.0,30.5,56.1
182446,Ramon Avancena High School,,Outdoor,airgradient:34b7dad31274,True,2026-01-26 08:25:00,2026-01-26T00:25:00.000Z,5,42.8,30.6,2064.0,439.0,439.0,26.0,25.6,26.2,56.0,77.0,342.0,279.0,1.0,29.0,53.6
182446,Ramon Avancena High School,,Outdoor,airgradient:34b7dad31274,True,2026-01-26 08:20:00,2026-01-26T00:20:00.000Z,5,43.3,31.3,2119.0,437.0,437.0,25.9,25.5,26.1,56.0,77.0,628.0,392.0,1.0,29.1,54.9
182446,Ramon Avancena High School,,Outdoor,airgradient:34b7dad31274,True,2026-01-26 08:15:00,2026-01-26T00:15:00.000Z,5,41.2,28.6,1908.0,439.0,439.0,25.8,25.4,26.0,56.0,77.0,132.0,132.0,1.0,27.7,51.5
182446,Ramon Avancena High School,,Outdoor,airgradient:34b7dad31274,True,2026-01-26 08:10:00,2026-01-26T00:10:00.000Z,5,42.4,30.1,1985.0,439.0,439.0,25.8,25.4,26.0,56.0,77.0,34.0,32.0,1.0,28.6,52.7
182446,Ramon Avancena High School,,Outdoor,airgradient:34b7dad31274,True,2026-01-26 08:05:00,2026-01-26T00:05:00.000Z,5,40.4,27.6,1827.0,438.0,438.0,25.7,25.2,25.8,56.0,78.0,36.0,35.0,1.0,27.5,50.3
182446,Ramon Avancena High School,,Outdoor,airgradient:34b7dad31274,True,2026-01-26 08:00:00,2026-01-26T00:00:00.000Z,5,39.5,26.6,1792.0,435.0,435.0,25.6,25.1,25.7,56.0,78.0,103.0,108.0,1.0,26.7,50.4
182446,Ramon Avancena High School,,Outdoor,airgradient:34b7dad31274,False,2026-01-26 07:55:00,2026-01-25T23:55:00.000Z,5,40.4,27.7,1873.0,437.0,437.0,25.6,25.1,25.7,56.0,78.0,212.0,204.0,1.0,27.6,50.6
182446,Ramon Avancena High School,,Outdoor,airgradient:34b7dad31274,False,2026-01-26 07:50:00,2026-01-25T23:50:00.000Z,5,41.0,28.3,1899.0,437.0,437.0,25.6,25.1,25.7,56.0,78.0,736.0,404.0,1.0,27.4,51.3
182446,Ramon Avancena High School,,Outdoor,airgradient:34b7dad31274,False,2026-01-26 07:45:00,2026-01-25T23:45:00.000Z,5,41.0,28.4,1871.0,438.0,438.0,25.5,25.0,25.6,56.0,78.0,325.0,274.0,1.0,27.5,50.9
182446,Ramon Avancena High School,,Outdoor,airgradient:34b7dad31274,False,2026-01-26 07:40:00,2026-01-25T23:40:00.000Z,5,40.5,27.7,1939.0,433.0,433.0,25.5,25.0,25.6,56.0,78.0,58.0,61.0,1.0,27.4,50.8
182446,Ramon Avancena High School,,Outdoor,airgradient:34b7dad31274,False,2026-01-26 07:35:00,2026-01-25T23:35:00.000Z,5,39.4,26.4,1840.0,432.0,432.0,25.4,24.9,25.5,56.0,78.0,181.0,177.0,1.0,27.1,49.2
182446,Ramon Avancena High School,,Outdoor,airgradient:34b7dad31274,False,2026-01-26 07:30:00,2026-01-25T23:30:00.000Z,5,37.0,23.7,1589.0,435.0,435.0,25.3,24.8,25.4,57.0,79.0,29.0,26.0,1.0,25.4,45.8
182446,Ramon Avancena High School,,Outdoor,airgradient:34b7dad31274,False,2026-01-26 07:25:00,2026-01-25T23:25:00.000Z,5,38.5,25.4,1720.0,435.0,435.0,25.3,24.8,25.4,57.0,79.0,124.0,123.0,1.0,25.9,47.7
182446,Ramon Avancena High School,,Outdoor,airgradient:34b7dad31274,False,2026-01-26 07:20:00,2026-01-25T23:20:00.000Z,5,35.4,21.9,1529.0,433.0,433.0,25.3,24.8,25.4,57.0,79.0,46.0,44.0,1.0,23.9,44.9
182446,Ramon Avancena High School,,Outdoor,airgradient:34b7dad31274,False,2026-01-26 07:15:00,2026-01-25T23:15:00.000Z,5,36.3,22.9,1573.0,435.0,435.0,25.3,24.8,25.4,57.0,79.0,32.0,29.0,1.0,24.0,46.0
182446,Ramon Avancena High School,,Outdoor,airgradient:34b7dad31274,False,2026-01-26 07:10:00,2026-01-25T23:10:00.000Z,5,38.2,25.0,1717.0,435.0,435.0,25.2,24.7,25.3,57.0,79.0,54.0,56.0,1.0,25.3,48.6
182446,Ramon Avancena High School,,Outdoor,airgradient:34b7dad31274,False,2026-01-26 07:05:00,2026-01-25T23:05:00.000Z,5,37.3,24.0,1610.0,433.0,433.0,25.2,24.6,25.2,57.0,79.0,94.0,100.0,1.0,25.4,46.0
182446,Ramon Avancena High School,,Outdoor,airgradient:34b7dad31274,False,2026-01-26 07:00:00,2026-01-25T23:00:00.000Z,5,39.8,26.8,1735.0,441.0,441.0,25.3,24.8,25.4,57.0,79.0,475.0,340.0,1.0,26.7,50.1
182446,Ramon Avancena High School,,Outdoor,airgradient:34b7dad31274,False,2026-01-26 06:55:00,2026-01-25T22:55:00.000Z,5,46.3,34.5,2263.0,440.0,440.0,25.3,24.8,25.4,57.0,79.0,277.0,249.0,1.0,30.6,59.8
182446,Ramon Avancena High School,,Outdoor,airgradient:34b7dad31274,False,2026-01-26 06:50:00,2026-01-25T22:50:00.000Z,5,38.1,24.9,1624.0,443.0,443.0,25.3,24.8,25.4,57.0,79.0,71.0,75.0,1.0,25.3,47.0
182446,Ramon Avancena High School,,Outdoor,airgradient:34b7dad31274,False,2026-01-26 06:45:00,2026-01-25T22:45:00.000Z,5,39.0,26.0,1749.0,454.0,454.0,25.3,24.8,25.4,57.0,79.0,129.0,134.0,1.0,26.5,49.6
182446,Ramon Avancena High School,,Outdoor,airgradient:34b7dad31274,False,2026-01-26 06:40:00,2026-01-25T22:40:00.000Z,5,39.3,26.3,1737.0,452.0,452.0,25.3,24.8,25.4,57.0,79.0,46.0,47.0,2.0,26.4,49.1
182446,Ramon Avancena High School,,Outdoor,airgradient:34b7dad31274,False,2026-01-26 06:35:00,2026-01-25T22:35:00.000Z,5,43.0,30.8,2108.0,452.0,452.0,25.2,24.7,25.3,57.0,79.0,103.0,106.0,2.0,29.1,53.3
182446,Ramon Avancena High School,,Outdoor,airgradient:34b7dad31274,False,2026-01-26 06:30:00,2026-01-25T22:30:00.000Z,5,39.2,26.2,1820.0,449.0,449.0,25.2,24.6,25.2,57.0,79.0,116.0,120.0,2.0,26.6,50.3
182446,Ramon Avancena High School,,Outdoor,airgradient:34b7dad31274,False,2026-01-26 06:25:00,2026-01-25T22:25:00.000Z,5,47.3,36.2,2489.0,473.0,473.0,25.2,24.7,25.3,57.0,79.0,111.0,117.0,2.0,32.3,60.3
182446,Ramon Avancena High School,,Outdoor,airgradient:34b7dad31274,False,2026-01-26 06:20:00,2026-01-25T22:20:00.000Z,5,55.4,44.0,3221.0,476.0,476.0,25.2,24.6,25.2,57.0,79.0,83.0,87.0,2.0,38.5,70.3
182446,Ramon Avancena High School,,Outdoor,airgradient:34b7dad31274,False,2026-01-26 06:15:00,2026-01-25T22:15:00.000Z,5,43.9,31.9,2287.0,472.0,472.0,25.2,24.6,25.2,57.0,79.0,114.0,120.0,2.0,29.2,56.2
182446,Ramon Avancena High School,,Outdoor,airgradient:34b7dad31274,False,2026-01-26 06:10:00,2026-01-25T22:10:00.000Z,5,45.5,34.0,2301.0,467.0,467.0,25.2,24.6,25.2,57.0,79.0,92.0,97.0,2.0,30.5,58.8
182446,Ramon Avancena High School,,Outdoor,airgradient:34b7dad31274,False,2026-01-26 06:05:00,2026-01-25T22:05:00.000Z,5,46.0,34.3,2463.0,448.0,448.0,25.1,24.5,25.1,57.0,80.0,101.0,107.0,2.0,31.6,58.7
182446,Ramon Avancena High School,,Outdoor,airgradient:34b7dad31274,False,2026-01-26 06:00:00,2026-01-25T22:00:00.000Z,5,46.5,35.1,2323.0,449.0,449.0,25.1,24.5,25.1,58.0,80.0,92.0,98.0,2.0,31.5,59.8
182446,Ramon Avancena High School,,Outdoor,airgradient:34b7dad31274,False,2026-01-26 05:55:00,2026-01-25T21:55:00.000Z,5,80.8,63.8,4578.0,453.0,453.0,25.0,24.4,25.0,58.0,81.0,99.0,105.0,2.0,58.2,90.7
182446,Ramon Avancena High School,,Outdoor,airgradient:34b7dad31274,False,2026-01-26 05:50:00,2026-01-25T21:50:00.000Z,5,54.9,43.9,3181.0,447.0,447.0,24.9,24.3,24.9,59.0,81.0,112.0,118.0,2.0,39.5,69.4
182446,Ramon Avancena High School,,Outdoor,airgradient:34b7dad31274,False,2026-01-26 05:45:00,2026-01-25T21:45:00.000Z,5,52.0,38.5,2644.0,442.0,442.0,24.6,24.0,23.9,60.0,82.0,99.0,105.0,2.0,36.1,62.0
182446,Ramon Avancena High School,,Outdoor,airgradient:34b7dad31274,False,2026-01-26 05:40:00,2026-01-25T21:40:00.000Z,5,48.7,37.4,2565.0,453.0,453.0,24.1,23.4,23.4,61.0,84.0,100.0,106.0,1.0,33.5,62.1
182446,Ramon Avancena High School,,Outdoor,airgradient:34b7dad31274,False,2026-01-26 05:35:00,2026-01-25T21:35:00.000Z,5,44.2,31.7,2164.0,488.0,488.0,23.5,22.6,22.6,64.0,87.0,92.0,98.0,1.0,29.3,56.6
182446,Ramon Avancena High School,,Outdoor,airgradient:34b7dad31274,False,2026-01-26 05:30:00,2026-01-25T21:30:00.000Z,5,39.1,25.1,1702.0,444.0,444.0,22.5,21.5,21.6,67.0,91.0,95.0,100.0,1.0,26.1,49.8
182446,Ramon Avancena High School,,Outdoor,airgradient:34b7dad31274,False,2026-01-26 05:25:00,2026-01-25T21:25:00.000Z,5,39.2,24.9,1656.0,439.0,439.0,21.0,19.7,19.8,72.0,97.0,53.0,53.0,1.0,25.7,49.7
182446,Ramon Avancena High School,,Outdoor,airgradient:34b7dad31274,False,2026-01-26 05:20:00,2026-01-25T21:20:00.000Z,1,,,,,,,,,,,,,,,
182446,Ramon Avancena High School,,Outdoor,airgradient:34b7dad31274,False,2026-01-24 05:50:00,2026-01-23T21:50:00.000Z,2,30.9,16.3,1218.0,453.0,453.0,20.1,18.6,18.6,70.0,96.0,36.0,34.0,1.0,21.3,37.8
182446,Ramon Avancena High School,,Outdoor,airgradient:34b7dad31274,False,2026-01-24 05:45:00,2026-01-23T21:45:00.000Z,1,,,,,,,,,,,,,,,
182446,Ramon Avancena High School,,Outdoor,airgradient:34b7dad31274,True,2026-01-22 17:55:00,2026-01-22T09:55:00.000Z,1,6.2,5.1,487.0,409.0,409.0,27.0,26.8,28.1,45.0,64.0,281.0,255.0,3.0,2.0,7.5
182446,Ramon Avancena High School,,Outdoor,airgradient:34b7dad31274,True,2026-01-22 17:50:00,2026-01-22T09:50:00.000Z,5,6.3,5.2,445.0,407.0,407.0,27.0,26.8,28.1,45.0,64.0,230.0,218.0,3.0,3.5,7.4
182446,Ramon Avancena High School,,Outdoor,airgradient:34b7dad31274,True,2026-01-22 17:45:00,2026-01-22T09:45:00.000Z,5,7.6,5.9,487.0,406.0,406.0,27.1,26.9,28.2,45.0,64.0,249.0,230.0,2.0,3.5,9.2
182446,Ramon Avancena High School,,Outdoor,airgradient:34b7dad31274,True,2026-01-22 17:40:00,2026-01-22T09:40:00.000Z,5,9.6,6.9,578.0,408.0,408.0,27.1,26.9,28.2,45.0,63.0,202.0,196.0,2.0,5.4,11.3
182446,Ramon Avancena High School,,Outdoor,airgradient:34b7dad31274,True,2026-01-22 17:35:00,2026-01-22T09:35:00.000Z,5,5.9,5.0,430.0,410.0,410.0,27.2,27.0,28.3,44.0,63.0,140.0,140.0,2.0,2.1,7.2
182446,Ramon Avancena High School,,Outdoor,airgradient:34b7dad31274,True,2026-01-22 17:30:00,2026-01-22T09:30:00.000Z,5,6.5,5.4,443.0,413.0,413.0,27.3,27.1,28.4,44.0,63.0,171.0,169.0,2.0,2.9,7.5
182446,Ramon Avancena High School,,Outdoor,airgradient:34b7dad31274,True,2026-01-22 17:25:00,2026-01-22T09:25:00.000Z,5,14.0,9.6,633.0,408.0,408.0,27.4,27.2,28.7,45.0,63.0,206.0,196.0,2.0,7.9,16.5
182446,Ramon Avancena High School,,Outdoor,airgradient:34b7dad31274,True,2026-01-22 17:20:00,2026-01-22T09:20:00.000Z,5,16.3,11.2,1199.0,399.0,399.0,27.5,27.4,28.9,45.0,63.0,95.0,99.0,1.0,9.9,18.6
182446,Ramon Avancena High School,,Outdoor,airgradient:34b7dad31274,True,2026-01-22 17:15:00,2026-01-22T09:15:00.000Z,5,6.0,5.1,423.0,401.0,401.0,27.5,27.4,28.9,44.0,63.0,96.0,100.0,1.0,3.0,6.4
182446,Ramon Avancena High School,,Outdoor,airgradient:34b7dad31274,True,2026-01-22 17:10:00,2026-01-22T09:10:00.000Z,5,6.0,5.1,427.0,400.0,400.0,27.5,27.4,28.9,44.0,63.0,186.0,184.0,1.0,2.6,7.2
182446,Ramon Avancena High School,,Outdoor,airgradient:34b7dad31274,True,2026-01-22 17:05:00,2026-01-22T09:05:00.000Z,5,5.2,4.7,395.0,401.0,401.0,27.5,27.4,28.9,44.0,63.0,150.0,153.0,1.0,2.5,5.7
182446,Ramon Avancena High School,,Outdoor,airgradient:34b7dad31274,True,2026-01-22 17:00:00,2026-01-22T09:00:00.000Z,5,5.3,4.8,378.0,402.0,402.0,27.5,27.4,28.8,44.0,62.0,123.0,127.0,1.0,2.8,6.6
182446,Ramon Avancena High School,,Outdoor,airgradient:34b7dad31274,True,2026-01-22 16:55:00,2026-01-22T08:55:00.000Z,5,4.0,4.1,352.0,402.0,402.0,27.6,27.5,28.9,43.0,62.0,105.0,111.0,1.0,0.7,4.6
182446,Ramon Avancena High School,,Outdoor,airgradient:34b7dad31274,True,2026-01-22 16:50:00,2026-01-22T08:50:00.000Z,5,3.5,3.8,317.0,402.0,402.0,27.8,27.7,29.2,43.0,62.0,59.0,61.0,1.0,0.0,3.8
182446,Ramon Avancena High School,,Outdoor,airgradient:34b7dad31274,True,2026-01-22 16:45:00,2026-01-22T08:45:00.000Z,5,3.7,4.0,318.0,401.0,401.0,27.8,27.7,29.2,43.0,61.0,59.0,61.0,1.0,1.3,4.8
182446,Ramon Avancena High School,,Outdoor,airgradient:34b7dad31274,True,2026-01-22 16:40:00,2026-01-22T08:40:00.000Z,5,5.1,4.7,393.0,400.0,400.0,27.9,27.8,29.3,43.0,61.0,99.0,105.0,1.0,1.2,5.3
182446,Ramon Avancena High School,,Outdoor,airgradient:34b7dad31274,True,2026-01-22 16:35:00,2026-01-22T08:35:00.000Z,5,4.7,4.5,345.0,400.0,400.0,28.0,27.9,29.5,43.0,61.0,117.0,122.0,1.0,1.1,5.4
182446,Ramon Avancena High School,,Outdoor,airgradient:34b7dad31274,True,2026-01-22 16:30:00,2026-01-22T08:30:00.000Z,5,3.6,4.0,322.0,400.0,400.0,28.0,28.0,29.6,43.0,61.0,56.0,58.0,1.0,1.2,4.3
182446,Ramon Avancena High School,,Outdoor,airgradient:34b7dad31274,True,2026-01-22 16:25:00,2026-01-22T08:25:00.000Z,5,5.3,4.9,396.0,400.0,400.0,28.0,28.0,29.6,43.0,61.0,104.0,109.0,1.0,2.5,6.7
182446,Ramon Avancena High School,,Outdoor,airgradient:34b7dad31274,True,2026-01-22 16:20:00,2026-01-22T08:20:00.000Z,5,2.9,3.6,306.0,401.0,401.0,28.0,28.0,29.4,42.0,60.0,62.0,65.0,1.0,0.6,4.0
182446,Ramon Avancena High School,,Outdoor,airgradient:34b7dad31274,True,2026-01-22 16:15:00,2026-01-22T08:15:00.000Z,5,3.5,4.0,309.0,400.0,400.0,28.0,28.0,29.4,42.0,60.0,91.0,96.0,1.0,0.5,3.9
182446,Ramon Avancena High School,,Outdoor,airgradient:34b7dad31274,True,2026-01-22 16:10:00,2026-01-22T08:10:00.000Z,5,2.5,3.4,291.0,399.0,399.0,28.1,28.1,29.6,42.0,60.0,95.0,99.0,1.0,0.0,3.0
182446,Ramon Avancena High School,,Outdoor,airgradient:34b7dad31274,True,2026-01-22 16:05:00,2026-01-22T08:05:00.000Z,5,4.8,4.6,439.0,398.0,398.0,28.2,28.2,29.8,42.0,60.0,105.0,110.0,1.0,1.7,5.7
182446,Ramon Avancena High School,,Outdoor,airgradient:34b7dad31274,True,2026-01-22 16:00:00,2026-01-22T08:00:00.000Z,5,1.9,3.1,267.0,401.0,401.0,28.1,28.1,29.8,43.0,61.0,102.0,108.0,1.0,0.2,2.7
182446,Ramon Avancena High School,,Outdoor,airgradient:34b7dad31274,True,2026-01-22 15:55:00,2026-01-22T07:55:00.000Z,5,1.8,3.0,282.0,401.0,401.0,28.1,28.1,29.8,43.0,62.0,106.0,111.0,1.0,0.3,2.3
182446,Ramon Avancena High School,,Outdoor,airgradient:34b7dad31274,True,2026-01-22 15:50:00,2026-01-22T07:50:00.000Z,5,1.2,2.3,240.0,400.0,400.0,28.1,28.1,29.8,43.0,62.0,115.0,121.0,1.0,0.2,2.0
182446,Ramon Avancena High School,,Outdoor,airgradient:34b7dad31274,True,2026-01-22 15:45:00,2026-01-22T07:45:00.000Z,5,2.8,3.5,295.0,400.0,400.0,28.1,28.1,29.8,43.0,62.0,70.0,73.0,1.0,1.1,3.8
182446,Ramon Avancena High School,,Outdoor,airgradient:34b7dad31274,True,2026-01-22 15:40:00,2026-01-22T07:40:00.000Z,5,1.8,3.0,269.0,401.0,401.0,28.1,28.1,29.8,43.0,62.0,82.0,87.0,1.0,0.0,2.4
182446,Ramon Avancena High School,,Outdoor,airgradient:34b7dad31274,True,2026-01-22 15:35:00,2026-01-22T07:35:00.000Z,5,2.9,3.6,303.0,403.0,403.0,28.0,28.0,29.6,43.0,61.0,66.0,69.0,1.0,0.0,3.6
182446,Ramon Avancena High School,,Outdoor,airgradient:34b7dad31274,True,2026-01-22 15:30:00,2026-01-22T07:30:00.000Z,5,3.1,3.7,306.0,402.0,402.0,27.9,27.9,29.4,43.0,61.0,63.0,66.0,1.0,0.9,3.9
182446,Ramon Avancena High School,,Outdoor,airgradient:34b7dad31274,True,2026-01-22 15:25:00,2026-01-22T07:25:00.000Z,5,1.5,2.8,247.0,403.0,403.0,27.9,27.9,29.5,43.0,62.0,58.0,61.0,1.0,0.3,2.1
182446,Ramon Avancena High School,,Outdoor,airgradient:34b7dad31274,True,2026-01-22 15:20:00,2026-01-22T07:20:00.000Z,5,1.9,3.0,274.0,401.0,401.0,27.9,27.9,29.5,43.0,62.0,61.0,64.0,1.0,0.5,2.9
182446,Ramon Avancena High School,,Outdoor,airgradient:34b7dad31274,True,2026-01-22 15:15:00,2026-01-22T07:15:00.000Z,5,0.8,2.5,238.0,400.0,400.0,27.9,27.8,29.4,43.0,62.0,46.0,46.0,1.0,0.0,2.7
182446,Ramon Avancena High School,,Outdoor,airgradient:34b7dad31274,True,2026-01-22 15:10:00,2026-01-22T07:10:00.000Z,5,3.3,3.8,314.0,402.0,402.0,28.0,28.0,29.7,43.0,62.0,84.0,89.0,1.0,1.0,4.2
182446,Ramon Avancena High School,,Outdoor,airgradient:34b7dad31274,True,2026-01-22 15:05:00,2026-01-22T07:05:00.000Z,5,2.7,2.7,263.0,404.0,404.0,28.1,28.1,29.7,42.0,61.0,83.0,88.0,1.0,1.1,3.5
182446,Ramon Avancena High School,,Outdoor,airgradient:34b7dad31274,True,2026-01-22 15:00:00,2026-01-22T07:00:00.000Z,5,1.0,2.6,217.0,403.0,403.0,28.3,28.3,29.9,42.0,61.0,73.0,77.0,1.0,0.0,2.2
182446,Ramon Avancena High School,,Outdoor,airgradient:34b7dad31274,True,2026-01-22 14:55:00,2026-01-22T06:55:00.000Z,5,2.0,3.1,309.0,404.0,404.0,28.3,28.3,29.9,42.0,61.0,76.0,80.0,1.0,0.5,3.0
182446,Ramon Avancena High School,,Outdoor,airgradient:34b7dad31274,True,2026-01-22 14:50:00,2026-01-22T06:50:00.000Z,5,0.4,1.9,194.0,408.0,408.0,28.2,28.2,29.8,42.0,60.0,79.0,84.0,1.0,0.0,1.0
182446,Ramon Avancena High School,,Outdoor,airgradient:34b7dad31274,True,2026-01-22 14:45:00,2026-01-22T06:45:00.000Z,5,0.7,2.1,225.0,405.0,405.0,28.4,28.4,30.1,42.0,60.0,111.0,117.0,1.0,0.2,1.3
182446,Ramon Avancena High School,,Outdoor,airgradient:34b7dad31274,True,2026-01-22 14:40:00,2026-01-22T06:40:00.000Z,5,0.3,0.6,209.0,402.0,402.0,28.4,28.4,30.1,42.0,60.0,80.0,84.0,1.0,0.0,0.7
182446,Ramon Avancena High School,,Outdoor,airgradient:34b7dad31274,True,2026-01-22 14:35:00,2026-01-22T06:35:00.000Z,5,2.5,3.0,322.0,401.0,401.0,28.4,28.4,30.2,42.0,60.0,107.0,113.0,1.0,1.0,3.1
182446,Ramon Avancena High School,,Outdoor,airgradient:34b7dad31274,True,2026-01-22 14:30:00,2026-01-22T06:30:00.000Z,5,0.9,2.2,222.0,403.0,403.0,28.6,28.6,30.4,42.0,60.0,80.0,84.0,1.0,0.2,1.4
182446,Ramon Avancena High School,,Outdoor,airgradient:34b7dad31274,True,2026-01-22 14:25:00,2026-01-22T06:25:00.000Z,5,2.0,3.2,261.0,401.0,401.0,28.6,28.7,30.5,42.0,60.0,86.0,91.0,1.0,0.7,2.6
182446,Ramon Avancena High School,,Outdoor,airgradient:34b7dad31274,True,2026-01-22 14:20:00,2026-01-22T06:20:00.000Z,5,0.8,2.5,208.0,401.0,401.0,28.6,28.7,30.6,42.0,60.0,70.0,73.0,1.0,0.3,1.5
182446,Ramon Avancena High School,,Outdoor,airgradient:34b7dad31274,True,2026-01-22 14:15:00,2026-01-22T06:15:00.000Z,5,0.7,2.1,235.0,401.0,401.0,28.7,28.8,30.7,42.0,61.0,70.0,74.0,1.0,0.0,1.7
182446,Ramon Avancena High School,,Outdoor,airgradient:34b7dad31274,True,2026-01-22 14:10:00,2026-01-22T06:10:00.000Z,5,1.3,2.8,237.0,400.0,400.0,28.7,28.8,30.7,42.0,60.0,61.0,64.0,1.0,0.0,2.0
182446,Ramon Avancena High School,,Outdoor,airgradient:34b7dad31274,True,2026-01-22 14:05:00,2026-01-22T06:05:00.000Z,5,0.8,2.5,203.0,401.0,401.0,28.7,28.8,30.7,42.0,61.0,52.0,54.0,1.0,0.2,1.6
182446,Ramon Avancena High School,,Outdoor,airgradient:34b7dad31274,True,2026-01-22 14:00:00,2026-01-22T06:00:00.000Z,5,1.2,2.4,253.0,401.0,401.0,28.7,28.8,30.7,42.0,60.0,83.0,88.0,1.0,0.0,2.8
182446,Ramon Avancena High School,,Outdoor,airgradient:34b7dad31274,True,2026-01-22 13:55:00,2026-01-22T05:55:00.000Z,5,2.2,3.3,276.0,404.0,404.0,28.7,28.8,30.7,41.0,59.0,94.0,100.0,1.0,0.1,2.5
182446,Ramon Avancena High School,,Outdoor,airgradient:34b7dad31274,True,2026-01-22 13:50:00,2026-01-22T05:50:00.000Z,5,2.0,3.3,246.0,404.0,404.0,28.8,28.9,30.7,41.0,59.0,80.0,84.0,1.0,0.0,2.6
182446,Ramon Avancena High School,,Outdoor,airgradient:34b7dad31274,True,2026-01-22 13:45:00,2026-01-22T05:45:00.000Z,5,1.5,3.0,261.0,405.0,405.0,28.8,28.9,30.6,41.0,58.0,106.0,111.0,1.0,0.0,1.8
182446,Ramon Avancena High School,,Outdoor,airgradient:34b7dad31274,True,2026-01-22 13:40:00,2026-01-22T05:40:00.000Z,5,2.6,3.6,280.0,402.0,402.0,28.9,29.0,30.8,40.0,58.0,114.0,119.0,1.0,0.1,3.0
182446,Ramon Avancena High School,,Outdoor,airgradient:34b7dad31274,True,2026-01-22 13:35:00,2026-01-22T05:35:00.000Z,5,3.6,4.1,337.0,400.0,400.0,29.2,29.4,31.4,41.0,58.0,60.0,62.0,1.0,0.7,4.5
182446,Ramon Avancena High School,,Outdoor,airgradient:34b7dad31274,True,2026-01-22 13:30:00,2026-01-22T05:30:00.000Z,5,12.5,8.7,605.0,401.0,401.0,29.2,29.4,31.7,42.0,60.0,139.0,143.0,1.0,7.0,14.0
182446,Ramon Avancena High School,,Outdoor,airgradient:34b7dad31274,True,2026-01-22 13:25:00,2026-01-22T05:25:00.000Z,5,30.8,18.6,1269.0,411.0,411.0,29.1,29.3,31.9,43.0,62.0,108.0,115.0,1.0,21.8,35.2
182446,Ramon Avancena High School,,Outdoor,airgradient:34b7dad31274,True,2026-01-22 13:20:00,2026-01-22T05:20:00.000Z,5,31.6,19.3,1342.0,410.0,410.0,29.0,29.1,31.5,43.0,62.0,106.0,112.0,1.0,22.0,36.3
182446,Ramon Avancena High School,,Outdoor,airgradient:34b7dad31274,True,2026-01-22 13:15:00,2026-01-22T05:15:00.000Z,5,29.6,17.5,1257.0,419.0,419.0,28.9,29.0,31.3,43.0,62.0,147.0,150.0,1.0,21.5,34.0
182446,Ramon Avancena High School,,Outdoor,airgradient:34b7dad31274,True,2026-01-22 13:10:00,2026-01-22T05:10:00.000Z,5,33.1,21.2,1461.0,423.0,423.0,28.8,28.9,31.2,44.0,62.0,155.0,156.0,1.0,23.6,38.4
182446,Ramon Avancena High School,,Outdoor,airgradient:34b7dad31274,True,2026-01-22 13:05:00,2026-01-22T05:05:00.000Z,5,31.0,18.6,1305.0,414.0,414.0,28.7,28.8,31.1,44.0,63.0,95.0,101.0,1.0,22.3,35.8
182446,Ramon Avancena High School,,Outdoor,airgradient:34b7dad31274,True,2026-01-22 13:00:00,2026-01-22T05:00:00.000Z,5,31.2,18.8,1288.0,416.0,416.0,28.6,28.7,31.0,44.0,63.0,100.0,105.0,1.0,22.2,37.1
182446,Ramon Avancena High School,,Outdoor,airgradient:34b7dad31274,True,2026-01-22 12:55:00,2026-01-22T04:55:00.000Z,5,32.3,19.8,1375.0,415.0,415.0,28.6,28.7,30.9,44.0,63.0,89.0,95.0,1.0,22.2,37.8
182446,Ramon Avancena High School,,Outdoor,airgradient:34b7dad31274,True,2026-01-22 12:50:00,2026-01-22T04:50:00.000Z,5,32.5,20.0,1355.0,405.0,405.0,28.5,28.6,30.8,44.0,63.0,66.0,70.0,1.0,22.4,38.0
182446,Ramon Avancena High School,,Outdoor,airgradient:34b7dad31274,True,2026-01-22 12:45:00,2026-01-22T04:45:00.000Z,5,32.3,19.9,1361.0,410.0,410.0,28.7,28.8,31.0,44.0,63.0,67.0,71.0,1.0,22.1,37.7
182446,Ramon Avancena High School,,Outdoor,airgradient:34b7dad31274,True,2026-01-22 12:40:00,2026-01-22T04:40:00.000Z,5,33.0,20.6,1412.0,411.0,411.0,28.8,28.9,31.2,43.0,62.0,75.0,79.0,1.0,22.9,39.4
182446,Ramon Avancena High School,,Outdoor,airgradient:34b7dad31274,True,2026-01-22 12:35:00,2026-01-22T04:35:00.000Z,5,33.5,21.1,1460.0,401.0,401.0,29.0,29.1,31.5,44.0,62.0,80.0,85.0,1.0,23.4,37.9
182446,Ramon Avancena High School,,Outdoor,airgradient:34b7dad31274,True,2026-01-22 12:30:00,2026-01-22T04:30:00.000Z,5,32.6,20.3,1394.0,417.0,417.0,29.2,29.4,32.0,43.0,62.0,84.0,89.0,1.0,22.6,37.2
182446,Ramon Avancena High School,,Outdoor,airgradient:34b7dad31274,True,2026-01-22 12:25:00,2026-01-22T04:25:00.000Z,5,24.6,15.1,1079.0,415.0,415.0,29.5,29.7,32.2,41.0,59.0,97.0,103.0,1.0,16.5,29.2
182446,Ramon Avancena High School,,Outdoor,airgradient:34b7dad31274,True,2026-01-22 12:20:00,2026-01-22T04:20:00.000Z,5,25.4,15.5,1054.0,430.0,430.0,29.6,29.8,32.3,41.0,59.0,105.0,112.0,1.0,18.7,28.6
182446,Ramon Avancena High School,,Outdoor,airgradient:34b7dad31274,True,2026-01-22 12:15:00,2026-01-22T04:15:00.000Z,5,32.0,19.8,1349.0,416.0,416.0,29.5,29.7,32.2,41.0,59.0,99.0,105.0,1.0,22.0,37.1
182446,Ramon Avancena High School,,Outdoor,airgradient:34b7dad31274,True,2026-01-22 12:10:00,2026-01-22T04:10:00.000Z,5,31.8,19.6,1369.0,407.0,407.0,29.4,29.6,31.9,41.0,59.0,87.0,92.0,1.0,22.4,37.2
182446,Ramon Avancena High School,,Outdoor,airgradient:34b7dad31274,True,2026-01-22 12:05:00,2026-01-22T04:05:00.000Z,5,31.4,19.2,1306.0,404.0,404.0,29.3,29.5,31.7,41.0,59.0,85.0,90.0,1.0,22.2,35.9
182446,Ramon Avancena High School,,Outdoor,airgradient:34b7dad31274,True,2026-01-22 12:00:00,2026-01-22T04:00:00.000Z,5,30.9,18.8,1303.0,407.0,407.0,29.3,29.5,31.9,42.0,60.0,85.0,91.0,1.0,22.2,36.2
182446,Ramon Avancena High School,,Outdoor,airgradient:34b7dad31274,True,2026-01-22 11:55:00,2026-01-22T03:55:00.000Z,5,30.2,18.2,1247.0,406.0,406.0,29.2,29.4,31.7,42.0,60.0,81.0,86.0,1.0,21.5,35.4
182446,Ramon Avancena High School,,Outdoor,airgradient:34b7dad31274,True,2026-01-22 11:50:00,2026-01-22T03:50:00.000Z,3,31.6,19.4,1260.0,413.0,413.0,29.4,29.6,32.0,42.0,60.0,88.0,94.0,1.0,21.9,35.0
182446,Ramon Avancena High School,,Outdoor,airgradient:34b7dad31274,True,2026-01-22 11:45:00,2026-01-22T03:45:00.000Z,5,30.7,18.7,1304.0,419.0,419.0,29.4,29.6,32.1,42.0,60.0,88.0,94.0,2.0,21.6,35.5
182446,Ramon Avancena High School,,Outdoor,airgradient:34b7dad31274,True,2026-01-22 11:40:00,2026-01-22T03:40:00.000Z,5,28.5,17.1,1126.0,457.0,457.0,29.5,29.8,32.5,42.0,60.0,129.0,135.0,2.0,19.8,31.2
182446,Ramon Avancena High School,,Outdoor,airgradient:34b7dad31274,True,2026-01-22 11:35:00,2026-01-22T03:35:00.000Z,5,34.7,22.9,1493.0,470.0,470.0,29.5,29.7,32.5,42.0,61.0,551.0,349.0,2.0,24.0,44.8
182446,Ramon Avancena High School,,Outdoor,airgradient:34b7dad31274,True,2026-01-22 11:30:00,2026-01-22T03:30:00.000Z,5,28.9,18.0,1283.0,487.0,487.0,29.3,29.5,32.2,43.0,61.0,523.0,362.0,1.0,19.8,33.4
182446,Ramon Avancena High School,,Outdoor,airgradient:34b7dad31274,True,2026-01-22 11:25:00,2026-01-22T03:25:00.000Z,5,27.7,16.6,1135.0,412.0,412.0,29.2,29.4,31.8,42.0,61.0,157.0,160.0,1.0,20.1,31.4
182446,Ramon Avancena High School,,Outdoor,airgradient:34b7dad31274,True,2026-01-22 11:20:00,2026-01-22T03:20:00.000Z,5,27.4,16.7,1315.0,426.0,426.0,29.3,29.5,31.9,42.0,60.0,208.0,202.0,1.0,18.9,32.1
182446,Ramon Avancena High School,,Outdoor,airgradient:34b7dad31274,True,2026-01-22 11:15:00,2026-01-22T03:15:00.000Z,5,14.5,9.9,712.0,392.0,392.0,29.4,29.6,31.8,41.0,59.0,185.0,177.0,1.0,7.2,18.6
182446,Ramon Avancena High School,,Outdoor,airgradient:34b7dad31274,True,2026-01-22 11:10:00,2026-01-22T03:10:00.000Z,5,17.2,11.2,741.0,403.0,403.0,29.2,29.4,31.5,41.0,58.0,224.0,190.0,1.0,8.0,19.8
182446,Ramon Avancena High School,,Outdoor,airgradient:34b7dad31274,True,2026-01-22 11:05:00,2026-01-22T03:05:00.000Z,5,18.5,11.9,713.0,431.0,431.0,29.2,29.4,31.6,41.0,59.0,96.0,101.0,1.0,9.4,20.6
182446,Ramon Avancena High School,,Outdoor,airgradient:34b7dad31274,True,2026-01-22 11:00:00,2026-01-22T03:00:00.000Z,5,10.3,7.7,593.0,408.0,408.0,29.4,29.6,31.7,40.0,58.0,118.0,124.0,1.0,5.7,13.6
182446,Ramon Avancena High School,,Outdoor,airgradient:34b7dad31274,True,2026-01-22 10:55:00,2026-01-22T02:55:00.000Z,5,8.6,6.7,556.0,392.0,392.0,29.3,29.5,31.6,41.0,59.0,114.0,120.0,1.0,4.9,10.3
182446,Ramon Avancena High School,,Outdoor,airgradient:34b7dad31274,True,2026-01-22 10:50:00,2026-01-22T02:50:00.000Z,5,6.0,5.4,462.0,393.0,393.0,29.2,29.4,31.4,41.0,59.0,88.0,94.0,1.0,3.3,6.8
182446,Ramon Avancena High School,,Outdoor,airgradient:34b7dad31274,True,2026-01-22 10:45:00,2026-01-22T02:45:00.000Z,5,9.7,7.3,562.0,384.0,384.0,29.0,29.1,31.2,41.0,59.0,101.0,107.0,1.0,5.7,11.0
182446,Ramon Avancena High School,,Outdoor,airgradient:34b7dad31274,True,2026-01-22 10:40:00,2026-01-22T02:40:00.000Z,5,8.3,6.5,523.0,395.0,395.0,28.8,28.9,30.9,42.0,60.0,106.0,112.0,1.0,4.5,10.6
182446,Ramon Avancena High School,,Outdoor,airgradient:34b7dad31274,True,2026-01-22 10:35:00,2026-01-22T02:35:00.000Z,5,8.3,6.5,546.0,386.0,386.0,28.7,28.8,30.6,42.0,60.0,99.0,105.0,1.0,4.8,10.4
182446,Ramon Avancena High School,,Outdoor,airgradient:34b7dad31274,True,2026-01-22 10:30:00,2026-01-22T02:30:00.000Z,5,5.4,4.9,434.0,395.0,395.0,28.6,28.6,30.5,42.0,61.0,95.0,100.0,1.0,2.5,6.3
182446,Ramon Avancena High School,,Outdoor,airgradient:34b7dad31274,True,2026-01-22 10:25:00,2026-01-22T02:25:00.000Z,5,8.4,6.4,572.0,401.0,401.0,28.3,28.3,30.1,43.0,62.0,103.0,109.0,1.0,5.2,9.3
182446,Ramon Avancena High School,,Outdoor,airgradient:34b7dad31274,True,2026-01-22 10:20:00,2026-01-22T02:20:00.000Z,5,8.3,6.3,528.0,393.0,393.0,27.8,27.7,29.4,44.0,63.0,99.0,105.0,1.0,4.3,10.9
182446,Ramon Avancena High School,,Outdoor,airgradient:34b7dad31274,True,2026-01-22 10:15:00,2026-01-22T02:15:00.000Z,5,7.7,5.8,515.0,392.0,392.0,27.1,26.9,28.3,46.0,66.0,100.0,106.0,1.0,4.3,10.3
182446,Ramon Avancena High School,,Outdoor,airgradient:34b7dad31274,True,2026-01-22 10:10:00,2026-01-22T02:10:00.000Z,5,7.9,5.6,506.0,397.0,397.0,26.0,25.6,26.0,49.0,69.0,84.0,89.0,1.0,3.9,10.3
182446,Ramon Avancena High School,,Outdoor,airgradient:34b7dad31274,True,2026-01-22 10:05:00,2026-01-22T02:05:00.000Z,3,7.6,5.3,531.0,412.0,412.0,24.8,24.2,24.4,52.0,72.0,35.0,32.0,1.0,4.2,10.3
182446,Ramon Avancena High School,,Outdoor,airgradient:34b7dad31274,True,2026-01-21 16:10:00,2026-01-21T08:10:00.000Z,4,3.6,2.8,392.0,396.0,396.0,28.6,28.7,31.4,46.0,66.0,30.0,26.0,1.0,2.4,5.2
182446,Ramon Avancena High School,,Outdoor,airgradient:34b7dad31274,True,2026-01-21 16:05:00,2026-01-21T08:05:00.000Z,5,8.3,6.1,409.0,396.0,396.0,28.7,28.8,31.5,46.0,65.0,34.0,32.0,1.0,5.1,9.2
182446,Ramon Avancena High School,,Outdoor,airgradient:34b7dad31274,True,2026-01-21 16:00:00,2026-01-21T08:00:00.000Z,5,3.3,3.5,325.0,395.0,395.0,28.7,28.8,31.5,46.0,65.0,54.0,55.0,1.0,1.0,4.6
182446,Ramon Avancena High School,,Outdoor,airgradient:34b7dad31274,True,2026-01-21 15:55:00,2026-01-21T07:55:00.000Z,5,1.1,1.6,251.0,392.0,392.0,28.7,28.8,31.6,46.0,66.0,72.0,76.0,1.0,0.0,1.9
182446,Ramon Avancena High School,,Outdoor,airgradient:34b7dad31274,True,2026-01-21 15:50:00,2026-01-21T07:50:00.000Z,5,0.5,1.3,209.0,388.0,388.0,28.8,28.9,31.8,46.0,66.0,115.0,120.0,1.0,0.0,1.5
182446,Ramon Avancena High School,,Outdoor,airgradient:34b7dad31274,True,2026-01-21 15:45:00,2026-01-21T07:45:00.000Z,5,0.9,1.9,221.0,386.0,386.0,28.8,28.9,31.8,46.0,66.0,60.0,62.0,1.0,0.0,1.1
182446,Ramon Avancena High School,,Outdoor,airgradient:34b7dad31274,True,2026-01-21 15:40:00,2026-01-21T07:40:00.000Z,5,0.0,0.0,164.0,386.0,386.0,28.8,28.9,31.7,46.0,65.0,72.0,76.0,1.0,0.0,0.2
182446,Ramon Avancena High School,,Outdoor,airgradient:34b7dad31274,True,2026-01-21 15:35:00,2026-01-21T07:35:00.000Z,5,3.4,3.6,308.0,386.0,386.0,28.9,29.0,31.8,46.0,65.0,96.0,100.0,1.0,1.9,4.1
182446,Ramon Avancena High School,,Outdoor,airgradient:34b7dad31274,True,2026-01-21 15:30:00,2026-01-21T07:30:00.000Z,5,0.4,1.3,217.0,387.0,387.0,29.1,29.2,32.2,46.0,65.0,37.0,36.0,1.0,0.0,1.0
182446,Ramon Avancena High School,,Outdoor,airgradient:34b7dad31274,True,2026-01-21 15:25:00,2026-01-21T07:25:00.000Z,5,0.3,0.9,169.0,386.0,386.0,29.1,29.2,32.2,46.0,65.0,32.0,30.0,1.0,0.0,0.6
182446,Ramon Avancena High School,,Outdoor,airgradient:34b7dad31274,True,2026-01-21 15:20:00,2026-01-21T07:20:00.000Z,5,1.1,1.3,211.0,387.0,387.0,29.0,29.1,32.1,46.0,65.0,31.0,28.0,1.0,0.2,1.7
182446,Ramon Avancena High School,,Outdoor,airgradient:34b7dad31274,True,2026-01-21 15:15:00,2026-01-21T07:15:00.000Z,5,2.7,2.9,317.0,391.0,391.0,29.0,29.2,32.1,46.0,65.0,43.0,42.0,1.0,1.5,3.5
182446,Ramon Avancena High School,,Outdoor,airgradient:34b7dad31274,True,2026-01-21 15:10:00,2026-01-21T07:10:00.000Z,5,1.0,2.3,213.0,393.0,393.0,29.1,29.3,32.3,46.0,65.0,38.0,37.0,1.0,0.2,1.7
182446,Ramon Avancena High School,,Outdoor,airgradient:34b7dad31274,True,2026-01-21 15:05:00,2026-01-21T07:05:00.000Z,5,0.7,1.1,239.0,393.0,393.0,29.0,29.1,32.0,46.0,65.0,45.0,45.0,1.0,0.5,1.7
182446,Ramon Avancena High School,,Outdoor,airgradient:34b7dad31274,True,2026-01-21 15:00:00,2026-01-21T07:00:00.000Z,5,0.7,2.2,221.0,394.0,394.0,29.0,29.2,32.2,46.0,65.0,37.0,35.0,1.0,0.0,1.6
182446,Ramon Avancena High School,,Outdoor,airgradient:34b7dad31274,True,2026-01-21 14:55:00,2026-01-21T06:55:00.000Z,5,1.1,1.7,224.0,399.0,399.0,29.2,29.4,32.5,46.0,65.0,30.0,26.0,1.0,0.3,1.2
182446,Ramon Avancena High School,,Outdoor,airgradient:34b7dad31274,True,2026-01-21 14:50:00,2026-01-21T06:50:00.000Z,5,2.5,2.0,288.0,397.0,397.0,29.2,29.4,32.5,45.0,65.0,44.0,44.0,1.0,1.6,3.1
182446,Ramon Avancena High School,,Outdoor,airgradient:34b7dad31274,True,2026-01-21 14:45:00,2026-01-21T06:45:00.000Z,5,0.4,0.6,218.0,397.0,397.0,29.1,29.3,32.4,46.0,65.0,31.0,28.0,1.0,0.0,0.8
182446,Ramon Avancena High School,,Outdoor,airgradient:34b7dad31274,True,2026-01-21 14:40:00,2026-01-21T06:40:00.000Z,5,0.0,0.0,138.0,397.0,397.0,29.1,29.2,32.2,46.0,65.0,40.0,40.0,1.0,0.0,0.1
182446,Ramon Avancena High School,,Outdoor,airgradient:34b7dad31274,True,2026-01-21 14:35:00,2026-01-21T06:35:00.000Z,5,0.0,0.0,154.0,394.0,394.0,29.2,29.3,32.5,46.0,65.0,25.0,21.0,1.0,0.0,0.1
182446,Ramon Avancena High School,,Outdoor,airgradient:34b7dad31274,True,2026-01-21 14:30:00,2026-01-21T06:30:00.000Z,5,0.0,0.0,142.0,392.0,392.0,29.2,29.3,32.4,46.0,65.0,52.0,53.0,1.0,0.0,0.2
182446,Ramon Avancena High School,,Outdoor,airgradient:34b7dad31274,True,2026-01-21 14:25:00,2026-01-21T06:25:00.000Z,5,1.0,0.9,217.0,391.0,391.0,29.1,29.3,32.3,46.0,65.0,63.0,66.0,1.0,0.8,2.1
182446,Ramon Avancena High School,,Outdoor,airgradient:34b7dad31274,True,2026-01-21 14:20:00,2026-01-21T06:20:00.000Z,5,0.3,0.5,155.0,395.0,395.0,29.0,29.2,32.2,46.0,65.0,32.0,30.0,1.0,0.0,0.6
182446,Ramon Avancena High School,,Outdoor,airgradient:34b7dad31274,True,2026-01-21 14:15:00,2026-01-21T06:15:00.000Z,5,1.5,2.5,232.0,396.0,396.0,28.9,29.0,32.0,46.0,65.0,36.0,34.0,1.0,0.2,2.2
182446,Ramon Avancena High School,,Outdoor,airgradient:34b7dad31274,True,2026-01-21 14:10:00,2026-01-21T06:10:00.000Z,5,0.1,0.8,151.0,395.0,395.0,29.0,29.1,32.0,46.0,65.0,27.0,23.0,1.0,0.0,0.3
182446,Ramon Avancena High School,,Outdoor,airgradient:34b7dad31274,True,2026-01-21 14:05:00,2026-01-21T06:05:00.000Z,5,1.4,2.2,264.0,396.0,396.0,29.0,29.1,31.9,46.0,65.0,20.0,14.0,1.0,0.0,1.6
182446,Ramon Avancena High School,,Outdoor,airgradient:34b7dad31274,True,2026-01-21 14:00:00,2026-01-21T06:00:00.000Z,5,0.0,0.0,151.0,398.0,398.0,28.9,29.0,31.8,46.0,65.0,25.0,21.0,1.0,0.0,0.3
182446,Ramon Avancena High School,,Outdoor,airgradient:34b7dad31274,True,2026-01-21 13:55:00,2026-01-21T05:55:00.000Z,5,0.8,1.8,214.0,395.0,395.0,28.8,28.9,31.8,46.0,66.0,31.0,28.0,1.0,0.0,1.3
182446,Ramon Avancena High School,,Outdoor,airgradient:34b7dad31274,True,2026-01-21 13:50:00,2026-01-21T05:50:00.000Z,5,0.8,2.2,200.0,395.0,395.0,28.7,28.8,31.6,46.0,65.0,43.0,43.0,1.0,0.0,1.1
182446,Ramon Avancena High School,,Outdoor,airgradient:34b7dad31274,True,2026-01-21 13:45:00,2026-01-21T05:45:00.000Z,5,0.7,1.7,210.0,397.0,397.0,28.7,28.8,31.6,47.0,66.0,65.0,67.0,1.0,0.0,1.4
182446,Ramon Avancena High School,,Outdoor,airgradient:34b7dad31274,True,2026-01-21 13:40:00,2026-01-21T05:40:00.000Z,5,0.5,1.3,173.0,398.0,398.0,28.9,29.0,32.1,46.0,66.0,50.0,51.0,1.0,0.0,0.6
182446,Ramon Avancena High School,,Outdoor,airgradient:34b7dad31274,True,2026-01-21 13:35:00,2026-01-21T05:35:00.000Z,5,0.9,1.9,230.0,407.0,407.0,29.0,29.2,32.4,46.0,66.0,70.0,73.0,1.0,0.0,2.8
182446,Ramon Avancena High School,,Outdoor,airgradient:34b7dad31274,True,2026-01-21 13:30:00,2026-01-21T05:30:00.000Z,5,1.4,1.8,260.0,409.0,409.0,29.0,29.1,32.2,46.0,66.0,43.0,43.0,1.0,0.8,2.3
182446,Ramon Avancena High School,,Outdoor,airgradient:34b7dad31274,True,2026-01-21 13:25:00,2026-01-21T05:25:00.000Z,5,3.4,3.5,370.0,406.0,406.0,28.9,29.0,32.1,47.0,66.0,65.0,68.0,1.0,2.2,4.1
182446,Ramon Avancena High School,,Outdoor,airgradient:34b7dad31274,True,2026-01-21 13:20:00,2026-01-21T05:20:00.000Z,5,1.0,0.8,223.0,396.0,396.0,28.9,29.0,32.1,47.0,66.0,54.0,55.0,1.0,0.1,2.0
182446,Ramon Avancena High School,,Outdoor,airgradient:34b7dad31274,True,2026-01-21 13:15:00,2026-01-21T05:15:00.000Z,5,4.7,3.8,347.0,400.0,400.0,28.9,29.1,32.4,48.0,67.0,152.0,145.0,1.0,1.9,6.0
182446,Ramon Avancena High School,,Outdoor,airgradient:34b7dad31274,True,2026-01-21 13:10:00,2026-01-21T05:10:00.000Z,5,27.0,15.9,1040.0,407.0,407.0,29.1,29.2,33.0,49.0,69.0,109.0,115.0,1.0,17.7,29.6
182446,Ramon Avancena High School,,Outdoor,airgradient:34b7dad31274,True,2026-01-21 13:05:00,2026-01-21T05:05:00.000Z,5,32.8,20.2,1399.0,412.0,412.0,29.0,29.1,32.9,49.0,69.0,116.0,122.0,1.0,23.3,38.7
182446,Ramon Avancena High School,,Outdoor,airgradient:34b7dad31274,True,2026-01-21 13:00:00,2026-01-21T05:00:00.000Z,5,32.8,19.9,1428.0,410.0,410.0,28.9,29.0,32.7,49.0,70.0,94.0,99.0,1.0,22.3,39.7
182446,Ramon Avancena High School,,Outdoor,airgradient:34b7dad31274,True,2026-01-21 12:55:00,2026-01-21T04:55:00.000Z,5,33.5,20.6,1375.0,410.0,410.0,28.9,29.0,32.7,49.0,70.0,100.0,106.0,1.0,22.9,38.3
182446,Ramon Avancena High School,,Outdoor,airgradient:34b7dad31274,True,2026-01-21 12:50:00,2026-01-21T04:50:00.000Z,5,32.1,19.2,1365.0,406.0,406.0,28.9,29.0,32.5,49.0,69.0,72.0,77.0,1.0,22.7,37.0
182446,Ramon Avancena High School,,Outdoor,airgradient:34b7dad31274,True,2026-01-21 12:45:00,2026-01-21T04:45:00.000Z,5,32.8,19.9,1409.0,403.0,403.0,28.8,28.9,32.4,50.0,70.0,55.0,57.0,1.0,22.6,38.1
182446,Ramon Avancena High School,,Outdoor,airgradient:34b7dad31274,True,2026-01-21 12:40:00,2026-01-21T04:40:00.000Z,5,32.9,19.9,1469.0,403.0,403.0,28.7,28.8,32.4,50.0,70.0,48.0,49.0,1.0,23.3,38.7
182446,Ramon Avancena High School,,Outdoor,airgradient:34b7dad31274,True,2026-01-21 12:35:00,2026-01-21T04:35:00.000Z,5,34.5,21.6,1521.0,405.0,405.0,28.9,29.0,32.7,50.0,70.0,68.0,71.0,1.0,23.6,40.3
182446,Ramon Avancena High School,,Outdoor,airgradient:34b7dad31274,True,2026-01-21 12:30:00,2026-01-21T04:30:00.000Z,5,33.2,20.3,1414.0,408.0,408.0,29.0,29.1,33.0,49.0,69.0,77.0,81.0,1.0,23.1,38.1
182446,Ramon Avancena High School,,Outdoor,airgradient:34b7dad31274,True,2026-01-21 12:25:00,2026-01-21T04:25:00.000Z,5,33.5,20.7,1469.0,394.0,394.0,29.2,29.4,33.4,49.0,69.0,54.0,55.0,1.0,23.6,39.7
182446,Ramon Avancena High School,,Outdoor,airgradient:34b7dad31274,True,2026-01-21 12:20:00,2026-01-21T04:20:00.000Z,5,36.0,23.2,1538.0,412.0,412.0,29.4,29.7,34.0,49.0,69.0,82.0,86.0,1.0,24.6,43.1
182446,Ramon Avancena High School,,Outdoor,airgradient:34b7dad31274,True,2026-01-21 12:15:00,2026-01-21T04:15:00.000Z,5,37.9,25.3,1745.0,402.0,402.0,29.3,29.5,33.8,50.0,70.0,149.0,152.0,1.0,26.9,46.3
182446,Ramon Avancena High School,,Outdoor,airgradient:34b7dad31274,True,2026-01-21 12:10:00,2026-01-21T04:10:00.000Z,5,38.6,26.1,1707.0,399.0,399.0,29.1,29.3,33.4,50.0,70.0,95.0,99.0,1.0,26.7,45.8
182446,Ramon Avancena High School,,Outdoor,airgradient:34b7dad31274,True,2026-01-21 12:05:00,2026-01-21T04:05:00.000Z,5,39.1,26.6,1759.0,412.0,412.0,29.1,29.3,33.3,50.0,70.0,70.0,74.0,1.0,27.0,48.0
182446,Ramon Avancena High School,,Outdoor,airgradient:34b7dad31274,True,2026-01-21 12:00:00,2026-01-21T04:00:00.000Z,5,38.8,26.3,1762.0,408.0,408.0,29.1,29.3,33.4,50.0,70.0,88.0,93.0,1.0,27.1,47.0
182446,Ramon Avancena High School,,Outdoor,airgradient:34b7dad31274,True,2026-01-21 11:55:00,2026-01-21T03:55:00.000Z,5,40.0,27.6,1837.0,403.0,403.0,29.1,29.2,33.3,50.0,70.0,81.0,86.0,1.0,27.5,48.1
182446,Ramon Avancena High School,,Outdoor,airgradient:34b7dad31274,True,2026-01-21 11:50:00,2026-01-21T03:50:00.000Z,5,41.2,29.1,1964.0,408.0,408.0,28.9,29.0,32.6,50.0,70.0,86.0,91.0,1.0,28.4,49.6
182446,Ramon Avancena High School,,Outdoor,airgradient:34b7dad31274,True,2026-01-21 11:45:00,2026-01-21T03:45:00.000Z,5,40.0,27.6,1942.0,408.0,408.0,28.8,28.9,32.5,50.0,70.0,118.0,123.0,1.0,27.7,49.2
182446,Ramon Avancena High School,,Outdoor,airgradient:34b7dad31274,True,2026-01-21 11:40:00,2026-01-21T03:40:00.000Z,5,38.3,25.7,1699.0,408.0,408.0,28.9,29.0,32.7,50.0,70.0,51.0,52.0,1.0,25.9,46.5
182446,Ramon Avancena High School,,Outdoor,airgradient:34b7dad31274,True,2026-01-21 11:35:00,2026-01-21T03:35:00.000Z,5,36.1,23.3,1599.0,413.0,413.0,29.1,29.2,33.2,50.0,70.0,34.0,32.0,1.0,25.1,44.6
182446,Ramon Avancena High School,,Outdoor,airgradient:34b7dad31274,True,2026-01-21 11:30:00,2026-01-21T03:30:00.000Z,5,35.1,22.1,1504.0,418.0,418.0,29.4,29.6,34.2,50.0,70.0,56.0,57.0,1.0,23.5,42.2
182446,Ramon Avancena High School,,Outdoor,airgradient:34b7dad31274,True,2026-01-21 11:25:00,2026-01-21T03:25:00.000Z,5,38.0,25.4,1752.0,420.0,420.0,29.7,29.9,35.1,51.0,71.0,129.0,132.0,1.0,26.1,46.4
182446,Ramon Avancena High School,,Outdoor,airgradient:34b7dad31274,True,2026-01-21 11:20:00,2026-01-21T03:20:00.000Z,5,37.3,24.5,1670.0,424.0,424.0,29.7,30.0,35.3,51.0,71.0,120.0,125.0,1.0,25.5,45.7
182446,Ramon Avancena High School,,Outdoor,airgradient:34b7dad31274,True,2026-01-21 11:15:00,2026-01-21T03:15:00.000Z,5,35.5,22.6,1586.0,430.0,430.0,29.8,30.1,35.5,51.0,71.0,89.0,95.0,1.0,24.5,43.6
182446,Ramon Avancena High School,,Outdoor,airgradient:34b7dad31274,True,2026-01-21 11:10:00,2026-01-21T03:10:00.000Z,4,33.7,20.7,1403.0,424.0,424.0,29.7,30.0,35.3,51.0,71.0,95.0,101.0,1.0,23.9,40.2
182446,Ramon Avancena High School,,Outdoor,airgradient:34b7dad31274,True,2026-01-21 11:05:00,2026-01-21T03:05:00.000Z,5,33.3,20.3,1449.0,421.0,421.0,29.7,29.9,35.1,51.0,71.0,92.0,98.0,1.0,23.3,39.2
182446,Ramon Avancena High School,,Outdoor,airgradient:34b7dad31274,True,2026-01-21 11:00:00,2026-01-21T03:00:00.000Z,5,31.9,19.0,1359.0,413.0,413.0,29.7,30.0,35.3,50.0,71.0,99.0,105.0,1.0,22.5,37.2
182446,Ramon Avancena High School,,Outdoor,airgradient:34b7dad31274,True,2026-01-21 10:55:00,2026-01-21T02:55:00.000Z,5,32.8,20.0,1497.0,468.0,468.0,29.7,30.0,35.3,50.0,71.0,105.0,111.0,1.0,22.6,38.8
182446,Ramon Avancena High School,,Outdoor,airgradient:34b7dad31274,True,2026-01-21 10:50:00,2026-01-21T02:50:00.000Z,5,26.5,15.4,1078.0,422.0,422.0,29.6,29.8,34.6,50.0,70.0,102.0,108.0,1.0,18.4,29.1
182446,Ramon Avancena High School,,Outdoor,airgradient:34b7dad31274,True,2026-01-21 10:45:00,2026-01-21T02:45:00.000Z,5,17.7,11.0,786.0,413.0,413.0,29.7,29.9,34.0,47.0,67.0,106.0,112.0,1.0,9.8,20.8
182446,Ramon Avancena High School,,Outdoor,airgradient:34b7dad31274,True,2026-01-21 10:40:00,2026-01-21T02:40:00.000Z,5,10.6,7.4,637.0,421.0,421.0,29.8,30.0,34.0,46.0,65.0,93.0,99.0,1.0,5.8,14.3
182446,Ramon Avancena High School,,Outdoor,airgradient:34b7dad31274,True,2026-01-21 10:35:00,2026-01-21T02:35:00.000Z,5,15.1,9.6,652.0,439.0,439.0,29.9,30.2,34.7,47.0,66.0,90.0,96.0,1.0,6.6,18.4
182446,Ramon Avancena High School,,Outdoor,airgradient:34b7dad31274,True,2026-01-21 10:30:00,2026-01-21T02:30:00.000Z,5,14.3,9.1,681.0,405.0,405.0,29.6,29.9,34.0,47.0,67.0,93.0,98.0,1.0,6.4,18.2
182446,Ramon Avancena High School,,Outdoor,airgradient:34b7dad31274,True,2026-01-21 10:25:00,2026-01-21T02:25:00.000Z,4,15.7,9.8,668.0,379.0,379.0,29.1,29.2,32.9,49.0,68.0,70.0,73.0,1.0,6.8,17.6
182446,Ramon Avancena High School,,Outdoor,airgradient:34b7dad31274,True,2026-01-21 10:20:00,2026-01-21T02:20:00.000Z,1,,,,,,,,,,,,,,,
182446,Ramon Avancena High School,,Outdoor,airgradient:34b7dad31274,True,2026-01-21 10:15:00,2026-01-21T02:15:00.000Z,3,17.2,9.8,732.0,431.0,431.0,26.4,26.1,27.2,57.0,79.0,88.0,94.0,1.0,8.0,19.9
182446,Ramon Avancena High School,,Outdoor,airgradient:34b7dad31274,True,2026-01-21 10:10:00,2026-01-21T02:10:00.000Z,3,9.8,5.4,360.0,425.0,425.0,12.8,9.3,9.6,30.0,44.0,42.0,39.0,0.0,4.0,10.8
